Name,Price,Score,Rating,Reviews,Address,Link,Latitude,Longitude
The Social Hub Berlin Alexanderplatz,255,8.2,Very Good,7208,"Alexanderstraße 40, Mitte, 10179 Berlin, Germany",https://www.booking.com/hotel/de/the-social-hub-berlin.en-gb.html?label=gen173nr-1FCAEoggI46AdIM1gEaIkCiAEBmAEJuAEHyAEM2AEB6AEB-AELiAIBqAIDuALzqoSvBsACAdICJDdkYTdmNzI2LWFmMDAtNDI1ZS1iYzEzLWQ4NjcyYWE5Nzg5MdgCBuACAQ&sid=c45c21f5902c4e10ad5d351fa329f20a&aid=304142&ucfs=1&arphpl=1&checkin=2024-08-03&checkout=2024-08-05&dest_id=2285&dest_type=district&group_adults=2&req_adults=2&no_rooms=1&group_children=0&req_children=0&hpos=9&hapos=84&sr_order=popularity&srpvid=76670d82307f007a&srepoch=1710294919&all_sr_blocks=498141204_167876146_0_2_0&highlighted_blocks=498141204_167876146_0_2_0&matching_block_id=498141204_167876146_0_2_0&sr_pri_blocks=498141204_167876146_0_2_0__23320&from_sustainable_property_sr=1&from=searchresults#hotelTmpl,52.51691770000001,13.4172016
Gorki Apartments,706,9.2,Superb,279,"Weinbergsweg 25, Mitte, 10119 Berlin, Germany",https://www.booking.com/hotel/de/gorki-apartments.en-gb.html?label=gen173nr-1FCAEoggI46AdIM1gEaIkCiAEBmAEJuAEHyAEM2AEB6AEB-AELiAIBqAIDuALzqoSvBsACAdICJDdkYTdmNzI2LWFmMDAtNDI1ZS1iYzEzLWQ4NjcyYWE5Nzg5MdgCBuACAQ&sid=c45c21f5902c4e10ad5d351fa329f20a&aid=304142&ucfs=1&arphpl=1&checkin=2024-08-03&checkout=2024-08-05&dest_id=2285&dest_type=district&group_adults=2&req_adults=2&no_rooms=1&group_children=0&req_children=0&hpos=5&hapos=155&sr_order=popularity&srpvid=f3830d8280430220&srepoch=1710294919&all_sr_blocks=84104504_88938325_0_2_0&highlighted_blocks=84104504_88938325_0_2_0&matching_block_id=84104504_88938325_0_2_0&sr_pri_blocks=84104504_88938325_0_2_0__64600&from_sustainable_property_sr=1&from=searchresults#hotelTmpl,52.5307039,13.4015269
Hotel AMANO Grand Central,210,8.2,Very Good,10131,"Heidestrasse 62, Mitte, 10557 Berlin, Germany",https://www.booking.com/hotel/de/amano-grand-central.en-gb.html?label=gen173nr-1FCAEoggI46AdIM1gEaIkCiAEBmAEJuAEHyAEM2AEB6AEB-AELiAIBqAIDuALzqoSvBsACAdICJDdkYTdmNzI2LWFmMDAtNDI1ZS1iYzEzLWQ4NjcyYWE5Nzg5MdgCBuACAQ&sid=c45c21f5902c4e10ad5d351fa329f20a&aid=304142&ucfs=1&arphpl=1&checkin=2024-08-03&checkout=2024-08-05&dest_id=2285&dest_type=district&group_adults=2&req_adults=2&no_rooms=1&group_children=0&req_children=0&hpos=5&hapos=105&sr_order=popularity&srpvid=57ba0d82616100f5&srepoch=1710294919&all_sr_blocks=139710901_86700931_0_2_0&highlighted_blocks=139710901_86700931_0_2_0&matching_block_id=139710901_86700931_0_2_0&sr_pri_blocks=139710901_86700931_0_2_0__19206&from_sustainable_property_sr=1&from=searchresults#hotelTmpl,52.5272794,13.3704197
Park Inn by Radisson Berlin Alexanderplatz,238,7.4,Good,20468,"Alexanderplatz 7, Mitte, 10178 Berlin, Germany",https://www.booking.com/hotel/de/park-inn-berlin-alexanderplatz.en-gb.html?label=gen173nr-1FCAEoggI46AdIM1gEaIkCiAEBmAEJuAEHyAEM2AEB6AEB-AELiAIBqAIDuALzqoSvBsACAdICJDdkYTdmNzI2LWFmMDAtNDI1ZS1iYzEzLWQ4NjcyYWE5Nzg5MdgCBuACAQ&sid=c45c21f5902c4e10ad5d351fa329f20a&aid=304142&ucfs=1&arphpl=1&checkin=2024-08-03&checkout=2024-08-05&dest_id=2285&dest_type=district&group_adults=2&req_adults=2&no_rooms=1&group_children=0&req_children=0&hpos=6&hapos=6&sr_order=popularity&srpvid=9c5c0d82fe950434&srepoch=1710294919&all_sr_blocks=6384704_94687227_0_34_0&highlighted_blocks=6384704_94687227_0_34_0&matching_block_id=6384704_94687227_0_34_0&sr_pri_blocks=6384704_94687227_0_34_0__21780&from_sustainable_property_sr=1&from=searchresults#hotelTmpl,52.5230222,13.4124047
Generator Berlin Alexanderplatz,255,7.3,Good,4698,"Otto Braun Str. 65, Mitte, 10178 Berlin, Germany",https://www.booking.com/hotel/de/one-80-hostels-berlin.en-gb.html?label=gen173nr-1FCAEoggI46AdIM1gEaIkCiAEBmAEJuAEHyAEM2AEB6AEB-AELiAIBqAIDuALzqoSvBsACAdICJDdkYTdmNzI2LWFmMDAtNDI1ZS1iYzEzLWQ4NjcyYWE5Nzg5MdgCBuACAQ&sid=c45c21f5902c4e10ad5d351fa329f20a&aid=304142&ucfs=1&arphpl=1&checkin=2024-08-03&checkout=2024-08-05&dest_id=2285&dest_type=district&group_adults=2&req_adults=2&no_rooms=1&group_children=0&req_children=0&hpos=4&hapos=179&sr_order=popularity&srpvid=eb8c0d82dc480070&srepoch=1710294919&all_sr_blocks=38404217_372486529_0_2_0&highlighted_blocks=38404217_372486529_0_2_0&matching_block_id=38404217_372486529_0_2_0&sr_pri_blocks=38404217_372486529_0_2_0__23375&from_sustainable_property_sr=1&from=searchresults#hotelTmpl,52.52388209999999,13.4180214
about:berlin Hotel,278,8.6,Fabulous,3873,"Tauentzienstr. 8, Charlottenburg-Wilmersdorf, 10789 Berlin, Germany",https://www.booking.com/hotel/de/about-berlin-hotel.en-gb.html?label=gen173nr-1FCAEoggI46AdIM1gEaIkCiAEBmAEJuAEHyAEM2AEB6AEB-AELiAIBqAIDuALzqoSvBsACAdICJDdkYTdmNzI2LWFmMDAtNDI1ZS1iYzEzLWQ4NjcyYWE5Nzg5MdgCBuACAQ&sid=c45c21f5902c4e10ad5d351fa329f20a&aid=304142&ucfs=1&arphpl=1&checkin=2024-08-03&checkout=2024-08-05&dest_id=2285&dest_type=district&group_adults=2&req_adults=2&no_rooms=1&group_children=0&req_children=0&hpos=4&hapos=79&sr_order=popularity&srpvid=76670d82307f007a&srepoch=1710294919&all_sr_blocks=6050624_166194096_0_2_0&highlighted_blocks=6050624_166194096_0_2_0&matching_block_id=6050624_166194096_0_2_0&sr_pri_blocks=6050624_166194096_0_2_0__25470&from_sustainable_property_sr=1&from=searchresults#hotelTmpl,52.50366289999999,13.3386821
TITANIC Gendarmenmarkt Berlin,427,8.5,Very Good,6219,"Französische Straße 30, Mitte, 10117 Berlin, Germany",https://www.booking.com/hotel/de/titanic-gendarmenmarkt-berlin.en-gb.html?label=gen173nr-1FCAEoggI46AdIM1gEaIkCiAEBmAEJuAEHyAEM2AEB6AEB-AELiAIBqAIDuALzqoSvBsACAdICJDdkYTdmNzI2LWFmMDAtNDI1ZS1iYzEzLWQ4NjcyYWE5Nzg5MdgCBuACAQ&sid=c45c21f5902c4e10ad5d351fa329f20a&aid=304142&ucfs=1&arphpl=1&checkin=2024-08-03&checkout=2024-08-05&dest_id=2285&dest_type=district&group_adults=2&req_adults=2&no_rooms=1&group_children=0&req_children=0&hpos=19&hapos=69&sr_order=popularity&srpvid=79e70d82efb80160&srepoch=1710294919&all_sr_blocks=127852202_91476954_2_2_0&highlighted_blocks=127852202_91476954_2_2_0&matching_block_id=127852202_91476954_2_2_0&sr_pri_blocks=127852202_91476954_2_2_0__39040&from_sustainable_property_sr=1&from=searchresults#hotelTmpl,52.5149621,13.3944214
SANA Berlin Hotel,290,8.5,Very Good,4937,"Nürnberger Straße 33/34, Charlottenburg-Wilmersdorf, 10777 Berlin, Germany",https://www.booking.com/hotel/de/sana-berlin.en-gb.html?label=gen173nr-1FCAEoggI46AdIM1gEaIkCiAEBmAEJuAEHyAEM2AEB6AEB-AELiAIBqAIDuALzqoSvBsACAdICJDdkYTdmNzI2LWFmMDAtNDI1ZS1iYzEzLWQ4NjcyYWE5Nzg5MdgCBuACAQ&sid=c45c21f5902c4e10ad5d351fa329f20a&aid=304142&ucfs=1&arphpl=1&checkin=2024-08-03&checkout=2024-08-05&dest_id=2285&dest_type=district&group_adults=2&req_adults=2&no_rooms=1&group_children=0&req_children=0&hpos=15&hapos=65&sr_order=popularity&srpvid=79e70d82efb80160&srepoch=1710294919&all_sr_blocks=27142712_91470574_2_2_0&highlighted_blocks=27142712_91470574_2_2_0&matching_block_id=27142712_91470574_2_2_0&sr_pri_blocks=27142712_91470574_2_2_0__26568&from_sustainable_property_sr=1&from=searchresults#hotelTmpl,52.499022,13.334481
AMANO East Side,198,8.3,Very Good,6447,"Stralauer Platz 30-31, Friedrichshain-Kreuzberg, 10243 Berlin, Germany",https://www.booking.com/hotel/de/amano-east-side.en-gb.html?label=gen173nr-1FCAEoggI46AdIM1gEaIkCiAEBmAEJuAEHyAEM2AEB6AEB-AELiAIBqAIDuALzqoSvBsACAdICJDdkYTdmNzI2LWFmMDAtNDI1ZS1iYzEzLWQ4NjcyYWE5Nzg5MdgCBuACAQ&sid=c45c21f5902c4e10ad5d351fa329f20a&aid=304142&ucfs=1&arphpl=1&checkin=2024-08-03&checkout=2024-08-05&dest_id=2285&dest_type=district&group_adults=2&req_adults=2&no_rooms=1&group_children=0&req_children=0&hpos=23&hapos=23&sr_order=popularity&srpvid=9c5c0d82fe950434&srepoch=1710294919&all_sr_blocks=755921501_332426243_0_2_0&highlighted_blocks=755921501_332426243_0_2_0&matching_block_id=755921501_332426243_0_2_0&sr_pri_blocks=755921501_332426243_0_2_0__18145&from_sustainable_property_sr=1&from=searchresults#hotelTmpl,52.5096356,13.4312734
Hotel AMO by AMANO Friedrichstraße,208,8.3,Very Good,4494,"Friedrichstraße 113, Mitte, 10117 Berlin, Germany",https://www.booking.com/hotel/de/amo-by-amano.en-gb.html?label=gen173nr-1FCAEoggI46AdIM1gEaIkCiAEBmAEJuAEHyAEM2AEB6AEB-AELiAIBqAIDuALzqoSvBsACAdICJDdkYTdmNzI2LWFmMDAtNDI1ZS1iYzEzLWQ4NjcyYWE5Nzg5MdgCBuACAQ&sid=c45c21f5902c4e10ad5d351fa329f20a&aid=304142&ucfs=1&arphpl=1&checkin=2024-08-03&checkout=2024-08-05&dest_id=2285&dest_type=district&group_adults=2&req_adults=2&no_rooms=1&group_children=0&req_children=0&hpos=3&hapos=3&sr_order=popularity&srpvid=9c5c0d82fe950434&srepoch=1710294919&all_sr_blocks=473190001_147355408_0_2_0&highlighted_blocks=473190001_147355408_0_2_0&matching_block_id=473190001_147355408_0_2_0&sr_pri_blocks=473190001_147355408_0_2_0__19000&from_sustainable_property_sr=1&from=searchresults#hotelTmpl,52.5257747,13.3879033
Hotel-Pension Cortina,240,6.1,Pleasant,1684,"Kantstr. 140, Charlottenburg-Wilmersdorf, 10623 Berlin, Germany",https://www.booking.com/hotel/de/cortina.en-gb.html?label=gen173nr-1FCAEoggI46AdIM1gEaIkCiAEBmAEJuAEHyAEM2AEB6AEB-AELiAIBqAIDuALzqoSvBsACAdICJDdkYTdmNzI2LWFmMDAtNDI1ZS1iYzEzLWQ4NjcyYWE5Nzg5MdgCBuACAQ&sid=c45c21f5902c4e10ad5d351fa329f20a&aid=304142&ucfs=1&arphpl=1&checkin=2024-08-03&checkout=2024-08-05&dest_id=2285&dest_type=district&group_adults=2&req_adults=2&no_rooms=1&group_children=0&req_children=0&hpos=22&hapos=172&sr_order=popularity&srpvid=f3830d8280430220&srepoch=1710294919&all_sr_blocks=6274105_332561908_0_0_0&highlighted_blocks=6274105_332561908_0_0_0&matching_block_id=6274105_332561908_0_0_0&sr_pri_blocks=6274105_332561908_0_0_0__22000&from=searchresults#hotelTmpl,52.505789,13.3189097
ADELANTE Boutique Hotel,328,9.0,Superb,1016,"Borsigstr. 1, Mitte, 10115 Berlin, Germany",https://www.booking.com/hotel/de/adelante.en-gb.html?label=gen173nr-1FCAEoggI46AdIM1gEaIkCiAEBmAEJuAEHyAEM2AEB6AEB-AELiAIBqAIDuALzqoSvBsACAdICJDdkYTdmNzI2LWFmMDAtNDI1ZS1iYzEzLWQ4NjcyYWE5Nzg5MdgCBuACAQ&sid=c45c21f5902c4e10ad5d351fa329f20a&aid=304142&ucfs=1&arphpl=1&checkin=2024-08-03&checkout=2024-08-05&dest_id=2285&dest_type=district&group_adults=2&req_adults=2&no_rooms=1&group_children=0&req_children=0&hpos=13&hapos=88&sr_order=popularity&srpvid=76670d82307f007a&srepoch=1710294919&all_sr_blocks=18365603_378060461_2_2_0&highlighted_blocks=18365603_378060461_2_2_0&matching_block_id=18365603_378060461_2_2_0&sr_pri_blocks=18365603_378060461_2_2_0__30000&from_sustainable_property_sr=1&from=searchresults#hotelTmpl,52.5284085,13.3913037
Living Hotel Großer Kurfürst,240,8.4,Very Good,3956,"Neue Rossstr. 11-12, Mitte, 10179 Berlin, Germany",https://www.booking.com/hotel/de/kurfuerstderag.en-gb.html?label=gen173nr-1FCAEoggI46AdIM1gEaIkCiAEBmAEJuAEHyAEM2AEB6AEB-AELiAIBqAIDuALzqoSvBsACAdICJDdkYTdmNzI2LWFmMDAtNDI1ZS1iYzEzLWQ4NjcyYWE5Nzg5MdgCBuACAQ&sid=c45c21f5902c4e10ad5d351fa329f20a&aid=304142&ucfs=1&arphpl=1&checkin=2024-08-03&checkout=2024-08-05&dest_id=2285&dest_type=district&group_adults=2&req_adults=2&no_rooms=1&group_children=0&req_children=0&hpos=1&hapos=76&sr_order=popularity&srpvid=76670d82307f007a&srepoch=1710294919&all_sr_blocks=6015430_91459426_2_2_0&highlighted_blocks=6015430_91459426_2_2_0&matching_block_id=6015430_91459426_2_2_0&sr_pri_blocks=6015430_91459426_2_2_0__23845&from_sustainable_property_sr=1&from=searchresults#hotelTmpl,52.5122739,13.4088455
"Holiday Inn Express - Berlin - Alexanderplatz, an IHG Hotel",269,8.3,Very Good,9950,"Stralauer Strasse 45, Mitte, 10179 Berlin, Germany",https://www.booking.com/hotel/de/holiday-inn-express-berlin-alexanderplatz.en-gb.html?label=gen173nr-1FCAEoggI46AdIM1gEaIkCiAEBmAEJuAEHyAEM2AEB6AEB-AELiAIBqAIDuALzqoSvBsACAdICJDdkYTdmNzI2LWFmMDAtNDI1ZS1iYzEzLWQ4NjcyYWE5Nzg5MdgCBuACAQ&sid=c45c21f5902c4e10ad5d351fa329f20a&aid=304142&ucfs=1&arphpl=1&checkin=2024-08-03&checkout=2024-08-05&dest_id=2285&dest_type=district&group_adults=2&req_adults=2&no_rooms=1&group_children=0&req_children=0&hpos=6&hapos=31&sr_order=popularity&srpvid=9c580d822ae600fa&srepoch=1710294919&all_sr_blocks=215431106_376233971_2_1_0&highlighted_blocks=215431106_376233971_2_1_0&matching_block_id=215431106_376233971_2_1_0&sr_pri_blocks=215431106_376233971_2_1_0__24600&from_sustainable_property_sr=1&from=searchresults#hotelTmpl,52.51563489999999,13.412093
Midi Inn Parkhotel Mitte,269,7.7,Good,449,"Veteranenstr. 10, Mitte, 10119 Berlin, Germany",https://www.booking.com/hotel/de/midi-inn.en-gb.html?label=gen173nr-1FCAEoggI46AdIM1gEaIkCiAEBmAEJuAEHyAEM2AEB6AEB-AELiAIBqAIDuALzqoSvBsACAdICJDdkYTdmNzI2LWFmMDAtNDI1ZS1iYzEzLWQ4NjcyYWE5Nzg5MdgCBuACAQ&sid=c45c21f5902c4e10ad5d351fa329f20a&aid=304142&ucfs=1&arphpl=1&checkin=2024-08-03&checkout=2024-08-05&dest_id=2285&dest_type=district&group_adults=2&req_adults=2&no_rooms=1&group_children=0&req_children=0&hpos=24&hapos=174&sr_order=popularity&srpvid=f3830d8280430220&srepoch=1710294919&all_sr_blocks=6945915_88926935_0_0_0&highlighted_blocks=6945915_88926935_0_0_0&matching_block_id=6945915_88926935_0_0_0&sr_pri_blocks=6945915_88926935_0_0_0__24600&from_sustainable_property_sr=1&from=searchresults#hotelTmpl,52.532667,13.4019829
TITANIC Comfort Mitte,210,7.8,Good,8863,"Elisabeth-Mara-Straße 4, Mitte, 10117 Berlin, Germany",https://www.booking.com/hotel/de/titanic-comfort-berlin-mitte.en-gb.html?label=gen173nr-1FCAEoggI46AdIM1gEaIkCiAEBmAEJuAEHyAEM2AEB6AEB-AELiAIBqAIDuALzqoSvBsACAdICJDdkYTdmNzI2LWFmMDAtNDI1ZS1iYzEzLWQ4NjcyYWE5Nzg5MdgCBuACAQ&sid=c45c21f5902c4e10ad5d351fa329f20a&aid=304142&ucfs=1&arphpl=1&checkin=2024-08-03&checkout=2024-08-05&dest_id=2285&dest_type=district&group_adults=2&req_adults=2&no_rooms=1&group_children=0&req_children=0&hpos=2&hapos=27&sr_order=popularity&srpvid=9c580d822ae600fa&srepoch=1710294919&all_sr_blocks=28986901_330097987_2_2_0&highlighted_blocks=28986901_330097987_2_2_0&matching_block_id=28986901_330097987_2_2_0&sr_pri_blocks=28986901_330097987_2_2_0__19184&from_sustainable_property_sr=1&from=searchresults#hotelTmpl,52.51025989999999,13.4042248
Hotel Seifert Berlin am Kurfürstendamm,329,8.0,Very Good,836,"Uhlandstr. 162, Charlottenburg-Wilmersdorf, 10719 Berlin, Germany",https://www.booking.com/hotel/de/seifert-berlin.en-gb.html?label=gen173nr-1FCAEoggI46AdIM1gEaIkCiAEBmAEJuAEHyAEM2AEB6AEB-AELiAIBqAIDuALzqoSvBsACAdICJDdkYTdmNzI2LWFmMDAtNDI1ZS1iYzEzLWQ4NjcyYWE5Nzg5MdgCBuACAQ&sid=c45c21f5902c4e10ad5d351fa329f20a&aid=304142&ucfs=1&arphpl=1&checkin=2024-08-03&checkout=2024-08-05&dest_id=2285&dest_type=district&group_adults=2&req_adults=2&no_rooms=1&group_children=0&req_children=0&hpos=19&hapos=169&sr_order=popularity&srpvid=f3830d8280430220&srepoch=1710294919&all_sr_blocks=6399702_96266674_2_2_0&highlighted_blocks=6399702_96266674_2_2_0&matching_block_id=6399702_96266674_2_2_0&sr_pri_blocks=6399702_96266674_2_2_0__30100&from_sustainable_property_sr=1&from=searchresults#hotelTmpl,52.49955869999999,13.3251522
Dietrich-Bonhoeffer-Hotel Berlin Mitte,413,8.1,Very Good,1372,"Ziegelstr. 30, Mitte, 10117 Berlin, Germany",https://www.booking.com/hotel/de/dietrich-bonhoeffer.en-gb.html?label=gen173nr-1FCAEoggI46AdIM1gEaIkCiAEBmAEJuAEHyAEM2AEB6AEB-AELiAIBqAIDuALzqoSvBsACAdICJDdkYTdmNzI2LWFmMDAtNDI1ZS1iYzEzLWQ4NjcyYWE5Nzg5MdgCBuACAQ&sid=c45c21f5902c4e10ad5d351fa329f20a&aid=304142&ucfs=1&arphpl=1&checkin=2024-08-03&checkout=2024-08-05&dest_id=2285&dest_type=district&group_adults=2&req_adults=2&no_rooms=1&group_children=0&req_children=0&hpos=9&hapos=159&sr_order=popularity&srpvid=f3830d8280430220&srepoch=1710294919&all_sr_blocks=6451605_359043974_0_1_0&highlighted_blocks=6451605_359043974_0_1_0&matching_block_id=6451605_359043974_0_1_0&sr_pri_blocks=6451605_359043974_0_1_0__37800&from=searchresults#hotelTmpl,52.523662,13.3902777
Hollywood Media Hotel am Kurfürstendamm,196,8.3,Very Good,8841,"Kurfürstendamm 202, Charlottenburg-Wilmersdorf, 10719 Berlin, Germany",https://www.booking.com/hotel/de/hollywood-media.en-gb.html?label=gen173nr-1FCAEoggI46AdIM1gEaIkCiAEBmAEJuAEHyAEM2AEB6AEB-AELiAIBqAIDuALzqoSvBsACAdICJDdkYTdmNzI2LWFmMDAtNDI1ZS1iYzEzLWQ4NjcyYWE5Nzg5MdgCBuACAQ&sid=c45c21f5902c4e10ad5d351fa329f20a&aid=304142&ucfs=1&arphpl=1&checkin=2024-08-03&checkout=2024-08-05&dest_id=2285&dest_type=district&group_adults=2&req_adults=2&no_rooms=1&group_children=0&req_children=0&hpos=16&hapos=41&sr_order=popularity&srpvid=9c580d822ae600fa&srepoch=1710294919&all_sr_blocks=6678702_338459225_2_2_0&highlighted_blocks=6678702_338459225_2_2_0&matching_block_id=6678702_338459225_2_2_0&sr_pri_blocks=6678702_338459225_2_2_0__17978&from_sustainable_property_sr=1&from=searchresults#hotelTmpl,52.50157549999999,13.3213573
Hilton Berlin,348,7.7,Good,2878,"Mohrenstr. 30, Mitte, 10117 Berlin, Germany",https://www.booking.com/hotel/de/hilton-berlin.en-gb.html?label=gen173nr-1FCAEoggI46AdIM1gEaIkCiAEBmAEJuAEHyAEM2AEB6AEB-AELiAIBqAIDuALzqoSvBsACAdICJDdkYTdmNzI2LWFmMDAtNDI1ZS1iYzEzLWQ4NjcyYWE5Nzg5MdgCBuACAQ&sid=c45c21f5902c4e10ad5d351fa329f20a&aid=304142&ucfs=1&arphpl=1&checkin=2024-08-03&checkout=2024-08-05&dest_id=2285&dest_type=district&group_adults=2&req_adults=2&no_rooms=1&group_children=0&req_children=0&hpos=21&hapos=46&sr_order=popularity&srpvid=9c580d822ae600fa&srepoch=1710294919&all_sr_blocks=6417514_338448107_2_2_0&highlighted_blocks=6417514_338448107_2_2_0&matching_block_id=6417514_338448107_2_2_0&sr_pri_blocks=6417514_338448107_2_2_0__31892&from_sustainable_property_sr=1&from=searchresults#hotelTmpl,52.5125493,13.3932534
Motel One Berlin-Hauptbahnhof,260,8.5,Very Good,7788,"Invalidenstraße 54, Mitte, 10557 Berlin, Germany",https://www.booking.com/hotel/de/motel-one-berlin-hauptbahnhof.en-gb.html?label=gen173nr-1FCAEoggI46AdIM1gEaIkCiAEBmAEJuAEHyAEM2AEB6AEB-AELiAIBqAIDuALzqoSvBsACAdICJDdkYTdmNzI2LWFmMDAtNDI1ZS1iYzEzLWQ4NjcyYWE5Nzg5MdgCBuACAQ&sid=c45c21f5902c4e10ad5d351fa329f20a&aid=304142&ucfs=1&arphpl=1&checkin=2024-08-03&checkout=2024-08-05&dest_id=2285&dest_type=district&group_adults=2&req_adults=2&no_rooms=1&group_children=0&req_children=0&hpos=2&hapos=52&sr_order=popularity&srpvid=79e70d82efb80160&srepoch=1710294919&all_sr_blocks=28191001_159148334_2_2_0&highlighted_blocks=28191001_159148334_2_2_0&matching_block_id=28191001_159148334_2_2_0&sr_pri_blocks=28191001_159148334_2_2_0__23800&from_sustainable_property_sr=1&from=searchresults#hotelTmpl,52.5257301,13.3655571
Flower's Berlin by limehome - Digital Access,431,8.6,Fabulous,1222,"Mulackstraße 1, Mitte, 10119 Berlin, Germany",https://www.booking.com/hotel/de/flower-s-boardinghouse-mitte.en-gb.html?label=gen173nr-1FCAEoggI46AdIM1gEaIkCiAEBmAEJuAEHyAEM2AEB6AEB-AELiAIBqAIDuALzqoSvBsACAdICJDdkYTdmNzI2LWFmMDAtNDI1ZS1iYzEzLWQ4NjcyYWE5Nzg5MdgCBuACAQ&sid=c45c21f5902c4e10ad5d351fa329f20a&aid=304142&ucfs=1&arphpl=1&checkin=2024-08-03&checkout=2024-08-05&dest_id=2285&dest_type=district&group_adults=2&req_adults=2&no_rooms=1&group_children=0&req_children=0&hpos=15&hapos=165&sr_order=popularity&srpvid=f3830d8280430220&srepoch=1710294919&all_sr_blocks=6752420_94797043_2_0_0&highlighted_blocks=6752420_94797043_2_0_0&matching_block_id=6752420_94797043_2_0_0&sr_pri_blocks=6752420_94797043_2_0_0__39400&from_sustainable_property_sr=1&from=searchresults#hotelTmpl,52.5271266,13.4077138
Hotel ROMY by AMANO,228,8.3,Very Good,5158,"Invalidenstrasse 53 A, Mitte, 10557 Berlin, Germany",https://www.booking.com/hotel/de/romy-by-amano.en-gb.html?label=gen173nr-1FCAEoggI46AdIM1gEaIkCiAEBmAEJuAEHyAEM2AEB6AEB-AELiAIBqAIDuALzqoSvBsACAdICJDdkYTdmNzI2LWFmMDAtNDI1ZS1iYzEzLWQ4NjcyYWE5Nzg5MdgCBuACAQ&sid=c45c21f5902c4e10ad5d351fa329f20a&aid=304142&ucfs=1&arphpl=1&checkin=2024-08-03&checkout=2024-08-05&dest_id=2285&dest_type=district&group_adults=2&req_adults=2&no_rooms=1&group_children=0&req_children=0&hpos=13&hapos=13&sr_order=popularity&srpvid=9c5c0d82fe950434&srepoch=1710294919&all_sr_blocks=755628702_332366746_2_2_0&highlighted_blocks=755628702_332366746_2_2_0&matching_block_id=755628702_332366746_2_2_0&sr_pri_blocks=755628702_332366746_2_2_0__20900&from_sustainable_property_sr=1&from=searchresults#hotelTmpl,52.5269249,13.3699349
Hotel Bleibtreu Berlin by Golden Tulip,226,7.8,Good,1007,"Bleibtreustr. 31, Charlottenburg-Wilmersdorf, 10707 Berlin, Germany",https://www.booking.com/hotel/de/bleibtreuberlin.en-gb.html?label=gen173nr-1FCAEoggI46AdIM1gEaIkCiAEBmAEJuAEHyAEM2AEB6AEB-AELiAIBqAIDuALzqoSvBsACAdICJDdkYTdmNzI2LWFmMDAtNDI1ZS1iYzEzLWQ4NjcyYWE5Nzg5MdgCBuACAQ&sid=c45c21f5902c4e10ad5d351fa329f20a&aid=304142&ucfs=1&arphpl=1&checkin=2024-08-03&checkout=2024-08-05&dest_id=2285&dest_type=district&group_adults=2&req_adults=2&no_rooms=1&group_children=0&req_children=0&hpos=8&hapos=83&sr_order=popularity&srpvid=76670d82307f007a&srepoch=1710294919&all_sr_blocks=6050521_371642592_2_2_0&highlighted_blocks=6050521_371642592_2_2_0&matching_block_id=6050521_371642592_2_2_0&sr_pri_blocks=6050521_371642592_2_2_0__20655&from_sustainable_property_sr=1&from=searchresults#hotelTmpl,52.5001928,13.3194546
Scandic Berlin Kurfürstendamm,271,8.1,Very Good,8641,"Augsburgerstrasse 5, Charlottenburg-Wilmersdorf, 10789 Berlin, Germany",https://www.booking.com/hotel/de/scandic-kurfurstendamm.en-gb.html?label=gen173nr-1FCAEoggI46AdIM1gEaIkCiAEBmAEJuAEHyAEM2AEB6AEB-AELiAIBqAIDuALzqoSvBsACAdICJDdkYTdmNzI2LWFmMDAtNDI1ZS1iYzEzLWQ4NjcyYWE5Nzg5MdgCBuACAQ&sid=c45c21f5902c4e10ad5d351fa329f20a&aid=304142&ucfs=1&arphpl=1&checkin=2024-08-03&checkout=2024-08-05&dest_id=2285&dest_type=district&group_adults=2&req_adults=2&no_rooms=1&group_children=0&req_children=0&hpos=14&hapos=89&sr_order=popularity&srpvid=76670d82307f007a&srepoch=1710294919&all_sr_blocks=112934401_95812055_2_2_0&highlighted_blocks=112934401_95812055_2_2_0&matching_block_id=112934401_95812055_2_2_0&sr_pri_blocks=112934401_95812055_2_2_0__24800&from_sustainable_property_sr=1&from=searchresults#hotelTmpl,52.5002396,13.3378274
Hotel Neuer Fritz,234,7.8,Good,2403,"Friedrichstraße 106, Mitte, 10117 Berlin, Germany",https://www.booking.com/hotel/de/artist-riverside-spa.en-gb.html?label=gen173nr-1FCAEoggI46AdIM1gEaIkCiAEBmAEJuAEHyAEM2AEB6AEB-AELiAIBqAIDuALzqoSvBsACAdICJDdkYTdmNzI2LWFmMDAtNDI1ZS1iYzEzLWQ4NjcyYWE5Nzg5MdgCBuACAQ&sid=c45c21f5902c4e10ad5d351fa329f20a&aid=304142&ucfs=1&arphpl=1&checkin=2024-08-03&checkout=2024-08-05&dest_id=2285&dest_type=district&group_adults=2&req_adults=2&no_rooms=1&group_children=0&req_children=0&hpos=20&hapos=120&sr_order=popularity&srpvid=57ba0d82616100f5&srepoch=1710294919&all_sr_blocks=6424201_88923040_2_2_0&highlighted_blocks=6424201_88923040_2_2_0&matching_block_id=6424201_88923040_2_2_0&sr_pri_blocks=6424201_88923040_2_2_0__21400&from_sustainable_property_sr=1&from=searchresults#hotelTmpl,52.5228256,13.3886618
"Hotel Luc, Autograph Collection",402,8.9,Fabulous,564,"Charlottenstrasse 50, Mitte, 10117 Berlin, Germany",https://www.booking.com/hotel/de/gendarmenmarkt.en-gb.html?label=gen173nr-1FCAEoggI46AdIM1gEaIkCiAEBmAEJuAEHyAEM2AEB6AEB-AELiAIBqAIDuALzqoSvBsACAdICJDdkYTdmNzI2LWFmMDAtNDI1ZS1iYzEzLWQ4NjcyYWE5Nzg5MdgCBuACAQ&sid=c45c21f5902c4e10ad5d351fa329f20a&aid=304142&ucfs=1&arphpl=1&checkin=2024-08-03&checkout=2024-08-05&dest_id=2285&dest_type=district&group_adults=2&req_adults=2&no_rooms=1&group_children=0&req_children=0&hpos=15&hapos=115&sr_order=popularity&srpvid=57ba0d82616100f5&srepoch=1710294919&all_sr_blocks=6442648_94283346_0_2_0&highlighted_blocks=6442648_94283346_0_2_0&matching_block_id=6442648_94283346_0_2_0&sr_pri_blocks=6442648_94283346_0_2_0__36800&from_sustainable_property_sr=1&from=searchresults#hotelTmpl,52.51410389999999,13.3910936
Pullman Berlin Schweizerhof,295,8.5,Very Good,5197,"Budapester Str. 25, Mitte, 10787 Berlin, Germany",https://www.booking.com/hotel/de/berlin-schweizerhof.en-gb.html?label=gen173nr-1FCAEoggI46AdIM1gEaIkCiAEBmAEJuAEHyAEM2AEB6AEB-AELiAIBqAIDuALzqoSvBsACAdICJDdkYTdmNzI2LWFmMDAtNDI1ZS1iYzEzLWQ4NjcyYWE5Nzg5MdgCBuACAQ&sid=c45c21f5902c4e10ad5d351fa329f20a&aid=304142&ucfs=1&arphpl=1&checkin=2024-08-03&checkout=2024-08-05&dest_id=2285&dest_type=district&group_adults=2&req_adults=2&no_rooms=1&group_children=0&req_children=0&hpos=17&hapos=67&sr_order=popularity&srpvid=79e70d82efb80160&srepoch=1710294919&all_sr_blocks=6141033_94280358_2_2_0&highlighted_blocks=6141033_94280358_2_2_0&matching_block_id=6141033_94280358_2_2_0&sr_pri_blocks=6141033_94280358_2_2_0__27000&from_sustainable_property_sr=1&from=searchresults#hotelTmpl,52.5060164,13.3439454
Best City flat in the Center of Berlin with WIFI,551,8.7,Fabulous,3,"77 Alte Jakobstraße, Mitte, 10179 Berlin, Germany",https://www.booking.com/hotel/de/best-city-flat-in-the-center-of-berlin.en-gb.html?label=gen173nr-1FCAEoggI46AdIM1gEaIkCiAEBmAEJuAEHyAEM2AEB6AEB-AELiAIBqAIDuALzqoSvBsACAdICJDdkYTdmNzI2LWFmMDAtNDI1ZS1iYzEzLWQ4NjcyYWE5Nzg5MdgCBuACAQ&sid=c45c21f5902c4e10ad5d351fa329f20a&aid=304142&ucfs=1&arphpl=1&checkin=2024-08-03&checkout=2024-08-05&dest_id=2285&dest_type=district&group_adults=2&req_adults=2&no_rooms=1&group_children=0&req_children=0&hpos=7&hapos=182&sr_order=popularity&srpvid=eb8c0d82dc480070&srepoch=1710294919&all_sr_blocks=907871401_361965057_2_0_0&highlighted_blocks=907871401_361965057_2_0_0&matching_block_id=907871401_361965057_2_0_0&sr_pri_blocks=907871401_361965057_2_0_0__50400&from=searchresults#hotelTmpl,52.5106634,13.4085787
Townhouse Berlin,298,8.7,Fabulous,1315,"Goethestr. 87, Charlottenburg-Wilmersdorf, 10623 Berlin, Germany",https://www.booking.com/hotel/de/goethe-87.en-gb.html?label=gen173nr-1FCAEoggI46AdIM1gEaIkCiAEBmAEJuAEHyAEM2AEB6AEB-AELiAIBqAIDuALzqoSvBsACAdICJDdkYTdmNzI2LWFmMDAtNDI1ZS1iYzEzLWQ4NjcyYWE5Nzg5MdgCBuACAQ&sid=c45c21f5902c4e10ad5d351fa329f20a&aid=304142&ucfs=1&arphpl=1&checkin=2024-08-03&checkout=2024-08-05&dest_id=2285&dest_type=district&group_adults=2&req_adults=2&no_rooms=1&group_children=0&req_children=0&hpos=10&hapos=160&sr_order=popularity&srpvid=f3830d8280430220&srepoch=1710294919&all_sr_blocks=6296101_91460322_2_2_0&highlighted_blocks=6296101_91460322_2_2_0&matching_block_id=6296101_91460322_2_2_0&sr_pri_blocks=6296101_91460322_2_2_0__27300&from_sustainable_property_sr=1&from=searchresults#hotelTmpl,52.5085427,13.3243384
Hotel Castell am Kurfürstendamm,228,7.0,Good,1409,"Wielandstr. 24, Charlottenburg-Wilmersdorf, 10707 Berlin, Germany",https://www.booking.com/hotel/de/hotelcastell.en-gb.html?label=gen173nr-1FCAEoggI46AdIM1gEaIkCiAEBmAEJuAEHyAEM2AEB6AEB-AELiAIBqAIDuALzqoSvBsACAdICJDdkYTdmNzI2LWFmMDAtNDI1ZS1iYzEzLWQ4NjcyYWE5Nzg5MdgCBuACAQ&sid=c45c21f5902c4e10ad5d351fa329f20a&aid=304142&ucfs=1&arphpl=1&checkin=2024-08-03&checkout=2024-08-05&dest_id=2285&dest_type=district&group_adults=2&req_adults=2&no_rooms=1&group_children=0&req_children=0&hpos=3&hapos=178&sr_order=popularity&srpvid=eb8c0d82dc480070&srepoch=1710294919&all_sr_blocks=6051002_338447205_2_2_0&highlighted_blocks=6051002_338447205_2_2_0&matching_block_id=6051002_338447205_2_2_0&sr_pri_blocks=6051002_338447205_2_2_0__20900&from_sustainable_property_sr=1&from=searchresults#hotelTmpl,52.5002219,13.3145814
Kudamm Apartments,270,7.0,Good,536,"11 Ansbacher Straße 1 Etage, Tempelhof-Schöneberg, 10787 Berlin, Germany",https://www.booking.com/hotel/de/kudamm-luxury-apartments.en-gb.html?label=gen173nr-1FCAEoggI46AdIM1gEaIkCiAEBmAEJuAEHyAEM2AEB6AEB-AELiAIBqAIDuALzqoSvBsACAdICJDdkYTdmNzI2LWFmMDAtNDI1ZS1iYzEzLWQ4NjcyYWE5Nzg5MdgCBuACAQ&sid=c45c21f5902c4e10ad5d351fa329f20a&aid=304142&ucfs=1&arphpl=1&checkin=2024-08-03&checkout=2024-08-05&dest_id=2285&dest_type=district&group_adults=2&req_adults=2&no_rooms=1&group_children=0&req_children=0&hpos=24&hapos=199&sr_order=popularity&srpvid=eb8c0d82dc480070&srepoch=1710294919&all_sr_blocks=421310406_365079971_2_0_0&highlighted_blocks=421310406_365079971_2_0_0&matching_block_id=421310406_365079971_2_0_0&sr_pri_blocks=421310406_365079971_2_0_0__24750&from_sustainable_property_sr=1&from=searchresults#hotelTmpl,52.5036224,13.3430715
Berlin Apartments Mitte,447,6.5,Pleasant,26,"Different locations in, Mitte, 10115 Berlin, Germany",https://www.booking.com/hotel/de/usemyflat.en-gb.html?label=gen173nr-1FCAEoggI46AdIM1gEaIkCiAEBmAEJuAEHyAEM2AEB6AEB-AELiAIBqAIDuALzqoSvBsACAdICJDdkYTdmNzI2LWFmMDAtNDI1ZS1iYzEzLWQ4NjcyYWE5Nzg5MdgCBuACAQ&sid=c45c21f5902c4e10ad5d351fa329f20a&aid=304142&ucfs=1&arphpl=1&checkin=2024-08-03&checkout=2024-08-05&dest_id=2285&dest_type=district&group_adults=2&req_adults=2&no_rooms=1&group_children=0&req_children=0&hpos=13&hapos=188&sr_order=popularity&srpvid=eb8c0d82dc480070&srepoch=1710294919&all_sr_blocks=25188323_357652507_2_0_0&highlighted_blocks=25188323_357652507_2_0_0&matching_block_id=25188323_357652507_2_0_0&sr_pri_blocks=25188323_357652507_2_0_0__40900&from=searchresults#hotelTmpl,52.532614,13.3777035
Motel One Berlin-Alexanderplatz,260,8.6,Fabulous,11585,"11 Grunerstraße, Mitte, 10179 Berlin, Germany",https://www.booking.com/hotel/de/motel-one-berlin-alexanderplatz-berlin.en-gb.html?label=gen173nr-1FCAEoggI46AdIM1gEaIkCiAEBmAEJuAEHyAEM2AEB6AEB-AELiAIBqAIDuALzqoSvBsACAdICJDdkYTdmNzI2LWFmMDAtNDI1ZS1iYzEzLWQ4NjcyYWE5Nzg5MdgCBuACAQ&sid=c45c21f5902c4e10ad5d351fa329f20a&aid=304142&ucfs=1&arphpl=1&checkin=2024-08-03&checkout=2024-08-05&dest_id=2285&dest_type=district&group_adults=2&req_adults=2&no_rooms=1&group_children=0&req_children=0&hpos=11&hapos=111&sr_order=popularity&srpvid=57ba0d82616100f5&srepoch=1710294919&all_sr_blocks=260395601_237122214_2_2_0&highlighted_blocks=260395601_237122214_2_2_0&matching_block_id=260395601_237122214_2_2_0&sr_pri_blocks=260395601_237122214_2_2_0__23800&from_sustainable_property_sr=1&from=searchresults#hotelTmpl,52.5198461,13.4123483
Hotel MANI by AMANO,199,8.0,Very Good,1840,"Torstraße 136, Mitte, 10119 Berlin, Germany",https://www.booking.com/hotel/de/mani.en-gb.html?label=gen173nr-1FCAEoggI46AdIM1gEaIkCiAEBmAEJuAEHyAEM2AEB6AEB-AELiAIBqAIDuALzqoSvBsACAdICJDdkYTdmNzI2LWFmMDAtNDI1ZS1iYzEzLWQ4NjcyYWE5Nzg5MdgCBuACAQ&sid=c45c21f5902c4e10ad5d351fa329f20a&aid=304142&ucfs=1&arphpl=1&checkin=2024-08-03&checkout=2024-08-05&dest_id=2285&dest_type=district&group_adults=2&req_adults=2&no_rooms=1&group_children=0&req_children=0&hpos=22&hapos=147&sr_order=popularity&srpvid=bdef0d82d0640214&srepoch=1710294919&all_sr_blocks=32870201_91922112_0_2_0&highlighted_blocks=32870201_91922112_0_2_0&matching_block_id=32870201_91922112_0_2_0&sr_pri_blocks=32870201_91922112_0_2_0__18240&from_sustainable_property_sr=1&from=searchresults#hotelTmpl,52.5293508,13.399648
Luxury Apartment Berlin Mitte,874,8.6,Fabulous,40,"3 Johannisstraße, Mitte, 10117 Berlin, Germany",https://www.booking.com/hotel/de/luxury-apartment-berlin-mitte-berlin1.en-gb.html?label=gen173nr-1FCAEoggI46AdIM1gEaIkCiAEBmAEJuAEHyAEM2AEB6AEB-AELiAIBqAIDuALzqoSvBsACAdICJDdkYTdmNzI2LWFmMDAtNDI1ZS1iYzEzLWQ4NjcyYWE5Nzg5MdgCBuACAQ&sid=c45c21f5902c4e10ad5d351fa329f20a&aid=304142&ucfs=1&arphpl=1&checkin=2024-08-03&checkout=2024-08-05&dest_id=2285&dest_type=district&group_adults=2&req_adults=2&no_rooms=1&group_children=0&req_children=0&hpos=8&hapos=183&sr_order=popularity&srpvid=eb8c0d82dc480070&srepoch=1710294919&all_sr_blocks=850671701_352237625_2_0_0&highlighted_blocks=850671701_352237625_2_0_0&matching_block_id=850671701_352237625_2_0_0&sr_pri_blocks=850671701_352237625_2_0_0__80000&from_sustainable_property_sr=1&from=searchresults#hotelTmpl,52.5243465,13.3903505
Park Plaza Wallstreet Berlin Mitte,234,8.3,Very Good,6136,"Wallstr. 23-24, Mitte, 10179 Berlin, Germany",https://www.booking.com/hotel/de/wallstreet-park-plaza.en-gb.html?label=gen173nr-1FCAEoggI46AdIM1gEaIkCiAEBmAEJuAEHyAEM2AEB6AEB-AELiAIBqAIDuALzqoSvBsACAdICJDdkYTdmNzI2LWFmMDAtNDI1ZS1iYzEzLWQ4NjcyYWE5Nzg5MdgCBuACAQ&sid=c45c21f5902c4e10ad5d351fa329f20a&aid=304142&ucfs=1&arphpl=1&checkin=2024-08-03&checkout=2024-08-05&dest_id=2285&dest_type=district&group_adults=2&req_adults=2&no_rooms=1&group_children=0&req_children=0&hpos=8&hapos=133&sr_order=popularity&srpvid=bdef0d82d0640214&srepoch=1710294919&all_sr_blocks=6313401_338447882_0_2_0&highlighted_blocks=6313401_338447882_0_2_0&matching_block_id=6313401_338447882_0_2_0&sr_pri_blocks=6313401_338447882_0_2_0__21420&from_sustainable_property_sr=1&from=searchresults#hotelTmpl,52.5114782,13.407794
The Mandala Suites,472,9.0,Superb,1449,"Friedrichstr. 185-190, Mitte, 10117 Berlin, Germany",https://www.booking.com/hotel/de/the-mandala-berlin.en-gb.html?label=gen173nr-1FCAEoggI46AdIM1gEaIkCiAEBmAEJuAEHyAEM2AEB6AEB-AELiAIBqAIDuALzqoSvBsACAdICJDdkYTdmNzI2LWFmMDAtNDI1ZS1iYzEzLWQ4NjcyYWE5Nzg5MdgCBuACAQ&sid=c45c21f5902c4e10ad5d351fa329f20a&aid=304142&ucfs=1&arphpl=1&checkin=2024-08-03&checkout=2024-08-05&dest_id=2285&dest_type=district&group_adults=2&req_adults=2&no_rooms=1&group_children=0&req_children=0&hpos=25&hapos=100&sr_order=popularity&srpvid=76670d82307f007a&srepoch=1710294919&all_sr_blocks=6572707_97229273_2_2_0&highlighted_blocks=6572707_97229273_2_2_0&matching_block_id=6572707_97229273_2_2_0&sr_pri_blocks=6572707_97229273_2_2_0__43200&from_sustainable_property_sr=1&from=searchresults#hotelTmpl,52.51146809999999,13.389319
Maritim proArte Hotel Berlin,266,8.1,Very Good,11602,"Friedrichstraße 151, Mitte, 10117 Berlin, Germany",https://www.booking.com/hotel/de/maritimberlin.en-gb.html?label=gen173nr-1FCAEoggI46AdIM1gEaIkCiAEBmAEJuAEHyAEM2AEB6AEB-AELiAIBqAIDuALzqoSvBsACAdICJDdkYTdmNzI2LWFmMDAtNDI1ZS1iYzEzLWQ4NjcyYWE5Nzg5MdgCBuACAQ&sid=c45c21f5902c4e10ad5d351fa329f20a&aid=304142&ucfs=1&arphpl=1&checkin=2024-08-03&checkout=2024-08-05&dest_id=2285&dest_type=district&group_adults=2&req_adults=2&no_rooms=1&group_children=0&req_children=0&hpos=7&hapos=132&sr_order=popularity&srpvid=bdef0d82d0640214&srepoch=1710294919&all_sr_blocks=6037402_311126649_0_34_0&highlighted_blocks=6037402_311126649_0_34_0&matching_block_id=6037402_311126649_0_34_0&sr_pri_blocks=6037402_311126649_0_34_0__24382&from_sustainable_property_sr=1&from=searchresults#hotelTmpl,52.51843410000001,13.3876954
Motel One Berlin-Tiergarten,216,8.2,Very Good,4277,"An der Urania 12/14, Tempelhof-Schöneberg, 10787 Berlin, Germany",https://www.booking.com/hotel/de/motel-one-berlin-city-center-west.en-gb.html?label=gen173nr-1FCAEoggI46AdIM1gEaIkCiAEBmAEJuAEHyAEM2AEB6AEB-AELiAIBqAIDuALzqoSvBsACAdICJDdkYTdmNzI2LWFmMDAtNDI1ZS1iYzEzLWQ4NjcyYWE5Nzg5MdgCBuACAQ&sid=c45c21f5902c4e10ad5d351fa329f20a&aid=304142&ucfs=1&arphpl=1&checkin=2024-08-03&checkout=2024-08-05&dest_id=2285&dest_type=district&group_adults=2&req_adults=2&no_rooms=1&group_children=0&req_children=0&hpos=19&hapos=144&sr_order=popularity&srpvid=bdef0d82d0640214&srepoch=1710294919&all_sr_blocks=18181902_388142853_2_2_0&highlighted_blocks=18181902_388142853_2_2_0&matching_block_id=18181902_388142853_2_2_0&sr_pri_blocks=18181902_388142853_2_2_0__19800&from_sustainable_property_sr=1&from=searchresults#hotelTmpl,52.5024142,13.3478827
NG19. YOUR INSPIRING HOMEBASE.,863,8.8,Fabulous,17,"19 Neue Grünstraße, Mitte, 10179 Berlin, Germany",https://www.booking.com/hotel/de/ng19-your-inspiring-homebase.en-gb.html?label=gen173nr-1FCAEoggI46AdIM1gEaIkCiAEBmAEJuAEHyAEM2AEB6AEB-AELiAIBqAIDuALzqoSvBsACAdICJDdkYTdmNzI2LWFmMDAtNDI1ZS1iYzEzLWQ4NjcyYWE5Nzg5MdgCBuACAQ&sid=c45c21f5902c4e10ad5d351fa329f20a&aid=304142&ucfs=1&arphpl=1&checkin=2024-08-03&checkout=2024-08-05&dest_id=2285&dest_type=district&group_adults=2&req_adults=2&no_rooms=1&group_children=0&req_children=0&hpos=20&hapos=195&sr_order=popularity&srpvid=eb8c0d82dc480070&srepoch=1710294919&all_sr_blocks=951148704_367730461_3_0_0&highlighted_blocks=951148704_367730461_3_0_0&matching_block_id=951148704_367730461_3_0_0&sr_pri_blocks=951148704_367730461_3_0_0__79000&from_sustainable_property_sr=1&from=searchresults#hotelTmpl,52.510517,13.406125
martas Hotel Allegra Berlin,280,8.1,Very Good,2617,"Albrechtstr. 17, Mitte, 10117 Berlin, Germany",https://www.booking.com/hotel/de/hotelallegra.en-gb.html?label=gen173nr-1FCAEoggI46AdIM1gEaIkCiAEBmAEJuAEHyAEM2AEB6AEB-AELiAIBqAIDuALzqoSvBsACAdICJDdkYTdmNzI2LWFmMDAtNDI1ZS1iYzEzLWQ4NjcyYWE5Nzg5MdgCBuACAQ&sid=c45c21f5902c4e10ad5d351fa329f20a&aid=304142&ucfs=1&arphpl=1&checkin=2024-08-03&checkout=2024-08-05&dest_id=2285&dest_type=district&group_adults=2&req_adults=2&no_rooms=1&group_children=0&req_children=0&hpos=10&hapos=85&sr_order=popularity&srpvid=76670d82307f007a&srepoch=1710294919&all_sr_blocks=6225502_135155175_2_2_0&highlighted_blocks=6225502_135155175_2_2_0&matching_block_id=6225502_135155175_2_2_0&sr_pri_blocks=6225502_135155175_2_2_0__25630&from_sustainable_property_sr=1&from=searchresults#hotelTmpl,52.5221396,13.3846525
Kurfürst am Kurfürstendamm,432,7.3,Good,804,"Bleibtreustr. 34/35, Charlottenburg-Wilmersdorf, 10707 Berlin, Germany",https://www.booking.com/hotel/de/kurfuerst.en-gb.html?label=gen173nr-1FCAEoggI46AdIM1gEaIkCiAEBmAEJuAEHyAEM2AEB6AEB-AELiAIBqAIDuALzqoSvBsACAdICJDdkYTdmNzI2LWFmMDAtNDI1ZS1iYzEzLWQ4NjcyYWE5Nzg5MdgCBuACAQ&sid=c45c21f5902c4e10ad5d351fa329f20a&aid=304142&ucfs=1&arphpl=1&checkin=2024-08-03&checkout=2024-08-05&dest_id=2285&dest_type=district&group_adults=2&req_adults=2&no_rooms=1&group_children=0&req_children=0&hpos=11&hapos=161&sr_order=popularity&srpvid=f3830d8280430220&srepoch=1710294919&all_sr_blocks=6216302_388359800_2_1_0&highlighted_blocks=6216302_388359800_2_1_0&matching_block_id=6216302_388359800_2_1_0&sr_pri_blocks=6216302_388359800_2_1_0__42930&from=searchresults#hotelTmpl,52.5007994,13.3197216
Leonardo Hotel Berlin Mitte,290,8.2,Very Good,13891,"Bertolt Brecht Platz 4, Mitte, 10117 Berlin, Germany",https://www.booking.com/hotel/de/leonardo-berlin-mitte.en-gb.html?label=gen173nr-1FCAEoggI46AdIM1gEaIkCiAEBmAEJuAEHyAEM2AEB6AEB-AELiAIBqAIDuALzqoSvBsACAdICJDdkYTdmNzI2LWFmMDAtNDI1ZS1iYzEzLWQ4NjcyYWE5Nzg5MdgCBuACAQ&sid=c45c21f5902c4e10ad5d351fa329f20a&aid=304142&ucfs=1&arphpl=1&checkin=2024-08-03&checkout=2024-08-05&dest_id=2285&dest_type=district&group_adults=2&req_adults=2&no_rooms=1&group_children=0&req_children=0&hpos=18&hapos=143&sr_order=popularity&srpvid=bdef0d82d0640214&srepoch=1710294919&all_sr_blocks=107932701_91476622_0_2_0&highlighted_blocks=107932701_91476622_0_2_0&matching_block_id=107932701_91476622_0_2_0&sr_pri_blocks=107932701_91476622_0_2_0__26550&from_sustainable_property_sr=1&from=searchresults#hotelTmpl,52.5225699,13.386088
MEININGER Hotel Berlin Mitte,250,8.0,Very Good,4041,"Oranienburger Straße 67/68, Mitte, 10117 Berlin, Germany",https://www.booking.com/hotel/de/meininger-berlin-mitte.en-gb.html?label=gen173nr-1FCAEoggI46AdIM1gEaIkCiAEBmAEJuAEHyAEM2AEB6AEB-AELiAIBqAIDuALzqoSvBsACAdICJDdkYTdmNzI2LWFmMDAtNDI1ZS1iYzEzLWQ4NjcyYWE5Nzg5MdgCBuACAQ&sid=c45c21f5902c4e10ad5d351fa329f20a&aid=304142&ucfs=1&arphpl=1&checkin=2024-08-03&checkout=2024-08-05&dest_id=2285&dest_type=district&group_adults=2&req_adults=2&no_rooms=1&group_children=0&req_children=0&hpos=14&hapos=164&sr_order=popularity&srpvid=f3830d8280430220&srepoch=1710294919&all_sr_blocks=24029502_91468368_0_2_0&highlighted_blocks=24029502_91468368_0_2_0&matching_block_id=24029502_91468368_0_2_0&sr_pri_blocks=24029502_91468368_0_2_0__22900&from_sustainable_property_sr=1&from=searchresults#hotelTmpl,52.5249383,13.3921358
Grimm's Berlin Mitte,262,8.4,Very Good,2884,"Alte Jakobstr. 100, Mitte, 10179 Berlin, Germany",https://www.booking.com/hotel/de/grimm-s.en-gb.html?label=gen173nr-1FCAEoggI46AdIM1gEaIkCiAEBmAEJuAEHyAEM2AEB6AEB-AELiAIBqAIDuALzqoSvBsACAdICJDdkYTdmNzI2LWFmMDAtNDI1ZS1iYzEzLWQ4NjcyYWE5Nzg5MdgCBuACAQ&sid=c45c21f5902c4e10ad5d351fa329f20a&aid=304142&ucfs=1&arphpl=1&checkin=2024-08-03&checkout=2024-08-05&dest_id=2285&dest_type=district&group_adults=2&req_adults=2&no_rooms=1&group_children=0&req_children=0&hpos=1&hapos=51&sr_order=popularity&srpvid=79e70d82efb80160&srepoch=1710294919&all_sr_blocks=26475702_374108127_2_2_0&highlighted_blocks=26475702_374108127_2_2_0&matching_block_id=26475702_374108127_2_2_0&sr_pri_blocks=26475702_374108127_2_2_0__26600&from_sustainable_property_sr=1&from=searchresults#hotelTmpl,52.5082847,13.4050259
Orania.Berlin,696,9.1,Superb,610,"Oranienplatz 17, Friedrichshain-Kreuzberg, 10999 Berlin, Germany",https://www.booking.com/hotel/de/orania-berlin.en-gb.html?label=gen173nr-1FCAEoggI46AdIM1gEaIkCiAEBmAEJuAEHyAEM2AEB6AEB-AELiAIBqAIDuALzqoSvBsACAdICJDdkYTdmNzI2LWFmMDAtNDI1ZS1iYzEzLWQ4NjcyYWE5Nzg5MdgCBuACAQ&sid=c45c21f5902c4e10ad5d351fa329f20a&aid=304142&ucfs=1&arphpl=1&checkin=2024-08-03&checkout=2024-08-05&dest_id=2285&dest_type=district&group_adults=2&req_adults=2&no_rooms=1&group_children=0&req_children=0&hpos=1&hapos=176&sr_order=popularity&srpvid=eb8c0d82dc480070&srepoch=1710294919&all_sr_blocks=255579104_104139689_0_2_0&highlighted_blocks=255579104_104139689_0_2_0&matching_block_id=255579104_104139689_0_2_0&sr_pri_blocks=255579104_104139689_0_2_0__60534&from_sustainable_property_sr=1&from=searchresults#hotelTmpl,52.5023124,13.4169165
Mercure Hotel & Residenz Berlin Checkpoint Charlie,259,8.5,Very Good,4350,"Schützenstr. 11, Mitte, 10117 Berlin, Germany",https://www.booking.com/hotel/de/mercurecheckpointcharlie.en-gb.html?label=gen173nr-1FCAEoggI46AdIM1gEaIkCiAEBmAEJuAEHyAEM2AEB6AEB-AELiAIBqAIDuALzqoSvBsACAdICJDdkYTdmNzI2LWFmMDAtNDI1ZS1iYzEzLWQ4NjcyYWE5Nzg5MdgCBuACAQ&sid=c45c21f5902c4e10ad5d351fa329f20a&aid=304142&ucfs=1&arphpl=1&checkin=2024-08-03&checkout=2024-08-05&dest_id=2285&dest_type=district&group_adults=2&req_adults=2&no_rooms=1&group_children=0&req_children=0&hpos=13&hapos=63&sr_order=popularity&srpvid=79e70d82efb80160&srepoch=1710294919&all_sr_blocks=6141148_338443669_2_2_0&highlighted_blocks=6141148_338443669_2_2_0&matching_block_id=6141148_338443669_2_2_0&sr_pri_blocks=6141148_338443669_2_2_0__23700&from_sustainable_property_sr=1&from=searchresults#hotelTmpl,52.5084465,13.3934215
Moxy Berlin Ostbahnhof,203,8.1,Very Good,3187,"Andreasstrasse 76-78, Friedrichshain-Kreuzberg, 10243 Berlin, Germany",https://www.booking.com/hotel/de/moxy-berlin-ostbahnhof.en-gb.html?label=gen173nr-1FCAEoggI46AdIM1gEaIkCiAEBmAEJuAEHyAEM2AEB6AEB-AELiAIBqAIDuALzqoSvBsACAdICJDdkYTdmNzI2LWFmMDAtNDI1ZS1iYzEzLWQ4NjcyYWE5Nzg5MdgCBuACAQ&sid=c45c21f5902c4e10ad5d351fa329f20a&aid=304142&ucfs=1&arphpl=1&checkin=2024-08-03&checkout=2024-08-05&dest_id=2285&dest_type=district&group_adults=2&req_adults=2&no_rooms=1&group_children=0&req_children=0&hpos=10&hapos=135&sr_order=popularity&srpvid=bdef0d82d0640214&srepoch=1710294919&all_sr_blocks=188602901_385351058_0_42_0&highlighted_blocks=188602901_385351058_0_42_0&matching_block_id=188602901_385351058_0_42_0&sr_pri_blocks=188602901_385351058_0_42_0__18600&from_sustainable_property_sr=1&from=searchresults#hotelTmpl,52.51103879999999,13.4301958
numa I Nook Rooms & Apartments,397,8.6,Fabulous,1931,"Große Hamburger Straße 23, Mitte, 10115 Berlin, Germany",https://www.booking.com/hotel/de/frederics-serviced-apartment.en-gb.html?label=gen173nr-1FCAEoggI46AdIM1gEaIkCiAEBmAEJuAEHyAEM2AEB6AEB-AELiAIBqAIDuALzqoSvBsACAdICJDdkYTdmNzI2LWFmMDAtNDI1ZS1iYzEzLWQ4NjcyYWE5Nzg5MdgCBuACAQ&sid=c45c21f5902c4e10ad5d351fa329f20a&aid=304142&ucfs=1&arphpl=1&checkin=2024-08-03&checkout=2024-08-05&dest_id=2285&dest_type=district&group_adults=2&req_adults=2&no_rooms=1&group_children=0&req_children=0&hpos=23&hapos=173&sr_order=popularity&srpvid=f3830d8280430220&srepoch=1710294919&all_sr_blocks=136352622_86493477_2_2_0&highlighted_blocks=136352622_86493477_2_2_0&matching_block_id=136352622_86493477_2_2_0&sr_pri_blocks=136352622_86493477_2_2_0__36300&from_sustainable_property_sr=1&from=searchresults#hotelTmpl,52.5239097,13.3997515
Premier Inn Berlin Alexanderplatz,221,8.1,Very Good,41,"2 Theanolte-Bähnisch-Straße, Mitte, 10178 Berlin, Germany",https://www.booking.com/hotel/de/premier-inn-berlin-alexanderplatz.en-gb.html?label=gen173nr-1FCAEoggI46AdIM1gEaIkCiAEBmAEJuAEHyAEM2AEB6AEB-AELiAIBqAIDuALzqoSvBsACAdICJDdkYTdmNzI2LWFmMDAtNDI1ZS1iYzEzLWQ4NjcyYWE5Nzg5MdgCBuACAQ&sid=c45c21f5902c4e10ad5d351fa329f20a&aid=304142&ucfs=1&arphpl=1&checkin=2024-08-03&checkout=2024-08-05&dest_id=2285&dest_type=district&group_adults=2&req_adults=2&no_rooms=1&group_children=0&req_children=0&hpos=16&hapos=66&sr_order=popularity&srpvid=79e70d82efb80160&srepoch=1710294919&all_sr_blocks=1020066701_374413529_2_2_0&highlighted_blocks=1020066701_374413529_2_2_0&matching_block_id=1020066701_374413529_2_2_0&sr_pri_blocks=1020066701_374413529_2_2_0__20265&from=searchresults#hotelTmpl,52.5237552,13.4176907
Steigenberger Hotel Am Kanzleramt,302,8.6,Fabulous,7342,"Ella-Trebe-Straße 5, Mitte, 10557 Berlin, Germany",https://www.booking.com/hotel/de/steigenberger-am-kanzleramt.en-gb.html?label=gen173nr-1FCAEoggI46AdIM1gEaIkCiAEBmAEJuAEHyAEM2AEB6AEB-AELiAIBqAIDuALzqoSvBsACAdICJDdkYTdmNzI2LWFmMDAtNDI1ZS1iYzEzLWQ4NjcyYWE5Nzg5MdgCBuACAQ&sid=c45c21f5902c4e10ad5d351fa329f20a&aid=304142&ucfs=1&arphpl=1&checkin=2024-08-03&checkout=2024-08-05&dest_id=2285&dest_type=district&group_adults=2&req_adults=2&no_rooms=1&group_children=0&req_children=0&hpos=24&hapos=74&sr_order=popularity&srpvid=79e70d82efb80160&srepoch=1710294919&all_sr_blocks=100481502_338444650_2_2_0&highlighted_blocks=100481502_338444650_2_2_0&matching_block_id=100481502_338444650_2_2_0&sr_pri_blocks=100481502_338444650_2_2_0__27615&from_sustainable_property_sr=1&from=searchresults#hotelTmpl,52.5235113,13.3675346
Hotel Zoo Berlin,374,8.7,Fabulous,2287,"Kurfürstendamm 25, Charlottenburg-Wilmersdorf, 10719 Berlin, Germany",https://www.booking.com/hotel/de/zoo-berlin.en-gb.html?label=gen173nr-1FCAEoggI46AdIM1gEaIkCiAEBmAEJuAEHyAEM2AEB6AEB-AELiAIBqAIDuALzqoSvBsACAdICJDdkYTdmNzI2LWFmMDAtNDI1ZS1iYzEzLWQ4NjcyYWE5Nzg5MdgCBuACAQ&sid=c45c21f5902c4e10ad5d351fa329f20a&aid=304142&ucfs=1&arphpl=1&checkin=2024-08-03&checkout=2024-08-05&dest_id=2285&dest_type=district&group_adults=2&req_adults=2&no_rooms=1&group_children=0&req_children=0&hpos=19&hapos=94&sr_order=popularity&srpvid=76670d82307f007a&srepoch=1710294919&all_sr_blocks=113986108_91476735_0_2_0&highlighted_blocks=113986108_91476735_0_2_0&matching_block_id=113986108_91476735_0_2_0&sr_pri_blocks=113986108_91476735_0_2_0__34200&from_sustainable_property_sr=1&from=searchresults#hotelTmpl,52.5036812,13.3292178
AMANO HOME Apartments,326,8.5,Very Good,1779,"Torstrasse 52, Mitte, 10119 Berlin, Germany",https://www.booking.com/hotel/de/amano-home.en-gb.html?label=gen173nr-1FCAEoggI46AdIM1gEaIkCiAEBmAEJuAEHyAEM2AEB6AEB-AELiAIBqAIDuALzqoSvBsACAdICJDdkYTdmNzI2LWFmMDAtNDI1ZS1iYzEzLWQ4NjcyYWE5Nzg5MdgCBuACAQ&sid=c45c21f5902c4e10ad5d351fa329f20a&aid=304142&ucfs=1&arphpl=1&checkin=2024-08-03&checkout=2024-08-05&dest_id=2285&dest_type=district&group_adults=2&req_adults=2&no_rooms=1&group_children=0&req_children=0&hpos=1&hapos=151&sr_order=popularity&srpvid=f3830d8280430220&srepoch=1710294919&all_sr_blocks=177163001_90915532_0_0_0&highlighted_blocks=177163001_90915532_0_0_0&matching_block_id=177163001_90915532_0_0_0&sr_pri_blocks=177163001_90915532_0_0_0__29830&from_sustainable_property_sr=1&from=searchresults#hotelTmpl,52.5285343,13.4099042
NH Collection Berlin Mitte Friedrichstrasse,322,8.6,Fabulous,7845,"Friedrichstr. 96, Mitte, 10117 Berlin, Germany",https://www.booking.com/hotel/de/jollyvivaldi.en-gb.html?label=gen173nr-1FCAEoggI46AdIM1gEaIkCiAEBmAEJuAEHyAEM2AEB6AEB-AELiAIBqAIDuALzqoSvBsACAdICJDdkYTdmNzI2LWFmMDAtNDI1ZS1iYzEzLWQ4NjcyYWE5Nzg5MdgCBuACAQ&sid=c45c21f5902c4e10ad5d351fa329f20a&aid=304142&ucfs=1&arphpl=1&checkin=2024-08-03&checkout=2024-08-05&dest_id=2285&dest_type=district&group_adults=2&req_adults=2&no_rooms=1&group_children=0&req_children=0&hpos=25&hapos=125&sr_order=popularity&srpvid=57ba0d82616100f5&srepoch=1710294919&all_sr_blocks=6075951_338443553_0_2_0&highlighted_blocks=6075951_338443553_0_2_0&matching_block_id=6075951_338443553_0_2_0&sr_pri_blocks=6075951_338443553_0_2_0__29500&from_sustainable_property_sr=1&from=searchresults#hotelTmpl,52.5195854,13.3886647
Apartments Rosenthal Residence,399,8.9,Fabulous,1324,"Rosenthaler Str. 71, Mitte, 10119 Berlin, Germany",https://www.booking.com/hotel/de/apartments-rosenthal-residence.en-gb.html?label=gen173nr-1FCAEoggI46AdIM1gEaIkCiAEBmAEJuAEHyAEM2AEB6AEB-AELiAIBqAIDuALzqoSvBsACAdICJDdkYTdmNzI2LWFmMDAtNDI1ZS1iYzEzLWQ4NjcyYWE5Nzg5MdgCBuACAQ&sid=c45c21f5902c4e10ad5d351fa329f20a&aid=304142&ucfs=1&arphpl=1&checkin=2024-08-03&checkout=2024-08-05&dest_id=2285&dest_type=district&group_adults=2&req_adults=2&no_rooms=1&group_children=0&req_children=0&hpos=13&hapos=163&sr_order=popularity&srpvid=f3830d8280430220&srepoch=1710294919&all_sr_blocks=0_0_2_0_0&highlighted_blocks=0_0_2_0_0&matching_block_id=0_0_2_0_0&sr_pri_blocks=0_0_2_0_0__36495&from_sustainable_property_sr=1&from=searchresults#hotelTmpl,52.5291665,13.4020855
"art'otel berlin mitte, Powered by Radisson Hotels",234,8.3,Very Good,2682,"Wallstr. 70-73, Mitte, 10179 Berlin, Germany",https://www.booking.com/hotel/de/artotelberlin.en-gb.html?label=gen173nr-1FCAEoggI46AdIM1gEaIkCiAEBmAEJuAEHyAEM2AEB6AEB-AELiAIBqAIDuALzqoSvBsACAdICJDdkYTdmNzI2LWFmMDAtNDI1ZS1iYzEzLWQ4NjcyYWE5Nzg5MdgCBuACAQ&sid=c45c21f5902c4e10ad5d351fa329f20a&aid=304142&ucfs=1&arphpl=1&checkin=2024-08-03&checkout=2024-08-05&dest_id=2285&dest_type=district&group_adults=2&req_adults=2&no_rooms=1&group_children=0&req_children=0&hpos=7&hapos=7&sr_order=popularity&srpvid=9c5c0d82fe950434&srepoch=1710294919&all_sr_blocks=6034504_338447169_0_2_0&highlighted_blocks=6034504_338447169_0_2_0&matching_block_id=6034504_338447169_0_2_0&sr_pri_blocks=6034504_338447169_0_2_0__21420&from_sustainable_property_sr=1&from=searchresults#hotelTmpl,52.5125529,13.4102183
Hotel Berlin Mitte by Campanile,210,7.7,Good,1687,"Invalidenstraße 98, Mitte, 10115 Berlin, Germany",https://www.booking.com/hotel/de/nordic-berlin-mitte.en-gb.html?label=gen173nr-1FCAEoggI46AdIM1gEaIkCiAEBmAEJuAEHyAEM2AEB6AEB-AELiAIBqAIDuALzqoSvBsACAdICJDdkYTdmNzI2LWFmMDAtNDI1ZS1iYzEzLWQ4NjcyYWE5Nzg5MdgCBuACAQ&sid=c45c21f5902c4e10ad5d351fa329f20a&aid=304142&ucfs=1&arphpl=1&checkin=2024-08-03&checkout=2024-08-05&dest_id=2285&dest_type=district&group_adults=2&req_adults=2&no_rooms=1&group_children=0&req_children=0&hpos=6&hapos=81&sr_order=popularity&srpvid=76670d82307f007a&srepoch=1710294919&all_sr_blocks=30781113_91471809_2_2_0&highlighted_blocks=30781113_91471809_2_2_0&matching_block_id=30781113_91471809_2_2_0&sr_pri_blocks=30781113_91471809_2_2_0__19200&from_sustainable_property_sr=1&from=searchresults#hotelTmpl,52.5294315,13.3797336
Meliá Berlin,347,8.4,Very Good,7384,"Friedrichstr. 103, Mitte, 10117 Berlin, Germany",https://www.booking.com/hotel/de/melia-berlin.en-gb.html?label=gen173nr-1FCAEoggI46AdIM1gEaIkCiAEBmAEJuAEHyAEM2AEB6AEB-AELiAIBqAIDuALzqoSvBsACAdICJDdkYTdmNzI2LWFmMDAtNDI1ZS1iYzEzLWQ4NjcyYWE5Nzg5MdgCBuACAQ&sid=c45c21f5902c4e10ad5d351fa329f20a&aid=304142&ucfs=1&arphpl=1&checkin=2024-08-03&checkout=2024-08-05&dest_id=2285&dest_type=district&group_adults=2&req_adults=2&no_rooms=1&group_children=0&req_children=0&hpos=11&hapos=61&sr_order=popularity&srpvid=79e70d82efb80160&srepoch=1710294919&all_sr_blocks=6459602_338448188_2_2_0&highlighted_blocks=6459602_338448188_2_2_0&matching_block_id=6459602_338448188_2_2_0&sr_pri_blocks=6459602_338448188_2_2_0__31800&from_sustainable_property_sr=1&from=searchresults#hotelTmpl,52.5215483,13.3884595
"Lindner Hotel Berlin Ku'damm, part of JdV by Hyatt",276,8.3,Very Good,2970,"Kurfürstendamm 24, Charlottenburg-Wilmersdorf, 10719 Berlin, Germany",https://www.booking.com/hotel/de/berlin_lindenerkudamm.en-gb.html?label=gen173nr-1FCAEoggI46AdIM1gEaIkCiAEBmAEJuAEHyAEM2AEB6AEB-AELiAIBqAIDuALzqoSvBsACAdICJDdkYTdmNzI2LWFmMDAtNDI1ZS1iYzEzLWQ4NjcyYWE5Nzg5MdgCBuACAQ&sid=c45c21f5902c4e10ad5d351fa329f20a&aid=304142&ucfs=1&arphpl=1&checkin=2024-08-03&checkout=2024-08-05&dest_id=2285&dest_type=district&group_adults=2&req_adults=2&no_rooms=1&group_children=0&req_children=0&hpos=9&hapos=59&sr_order=popularity&srpvid=79e70d82efb80160&srepoch=1710294919&all_sr_blocks=6107029_374367758_2_2_0&highlighted_blocks=6107029_374367758_2_2_0&matching_block_id=6107029_374367758_2_2_0&sr_pri_blocks=6107029_374367758_2_2_0__25300&from_sustainable_property_sr=1&from=searchresults#hotelTmpl,52.503896,13.3295646
SO/ Berlin Das Stue,575,8.7,Fabulous,436,"Drakestrasse 1, Mitte, 10787 Berlin, Germany",https://www.booking.com/hotel/de/das-stue.en-gb.html?label=gen173nr-1FCAEoggI46AdIM1gEaIkCiAEBmAEJuAEHyAEM2AEB6AEB-AELiAIBqAIDuALzqoSvBsACAdICJDdkYTdmNzI2LWFmMDAtNDI1ZS1iYzEzLWQ4NjcyYWE5Nzg5MdgCBuACAQ&sid=c45c21f5902c4e10ad5d351fa329f20a&aid=304142&ucfs=1&arphpl=1&checkin=2024-08-03&checkout=2024-08-05&dest_id=2285&dest_type=district&group_adults=2&req_adults=2&no_rooms=1&group_children=0&req_children=0&hpos=2&hapos=177&sr_order=popularity&srpvid=eb8c0d82dc480070&srepoch=1710294919&all_sr_blocks=44579512_95493598_2_2_0&highlighted_blocks=44579512_95493598_2_2_0&matching_block_id=44579512_95493598_2_2_0&sr_pri_blocks=44579512_95493598_2_2_0__52650&from_sustainable_property_sr=1&from=searchresults#hotelTmpl,52.5098284,13.34589
Leonardo Hotel Berlin KU'DAMM,218,8.0,Very Good,8064,"Kurfürstendamm 35, Charlottenburg-Wilmersdorf, 10719 Berlin, Germany",https://www.booking.com/hotel/de/california-am-kurfurstendamm.en-gb.html?label=gen173nr-1FCAEoggI46AdIM1gEaIkCiAEBmAEJuAEHyAEM2AEB6AEB-AELiAIBqAIDuALzqoSvBsACAdICJDdkYTdmNzI2LWFmMDAtNDI1ZS1iYzEzLWQ4NjcyYWE5Nzg5MdgCBuACAQ&sid=c45c21f5902c4e10ad5d351fa329f20a&aid=304142&ucfs=1&arphpl=1&checkin=2024-08-03&checkout=2024-08-05&dest_id=2285&dest_type=district&group_adults=2&req_adults=2&no_rooms=1&group_children=0&req_children=0&hpos=3&hapos=78&sr_order=popularity&srpvid=76670d82307f007a&srepoch=1710294919&all_sr_blocks=0_0_2_0_0&highlighted_blocks=0_0_2_0_0&matching_block_id=0_0_2_0_0&sr_pri_blocks=0_0_2_0_0__19953&from_sustainable_property_sr=1&from=searchresults#hotelTmpl,52.5026127,13.3237666
Hotel-Pension Funk am Kurfürstendamm,234,8.0,Very Good,639,"Fasanenstraße 69, Charlottenburg-Wilmersdorf, 10719 Berlin, Germany",https://www.booking.com/hotel/de/pension-funk.en-gb.html?label=gen173nr-1FCAEoggI46AdIM1gEaIkCiAEBmAEJuAEHyAEM2AEB6AEB-AELiAIBqAIDuALzqoSvBsACAdICJDdkYTdmNzI2LWFmMDAtNDI1ZS1iYzEzLWQ4NjcyYWE5Nzg5MdgCBuACAQ&sid=c45c21f5902c4e10ad5d351fa329f20a&aid=304142&ucfs=1&arphpl=1&checkin=2024-08-03&checkout=2024-08-05&dest_id=2285&dest_type=district&group_adults=2&req_adults=2&no_rooms=1&group_children=0&req_children=0&hpos=16&hapos=166&sr_order=popularity&srpvid=f3830d8280430220&srepoch=1710294919&all_sr_blocks=30480102_90667002_0_2_0&highlighted_blocks=30480102_90667002_0_2_0&matching_block_id=30480102_90667002_0_2_0&sr_pri_blocks=30480102_90667002_0_2_0__21420&from=searchresults#hotelTmpl,52.5011038,13.3273584
Apartment Jannowitzbrücke,474,7.5,Good,112,"Rungestrasse 11, Mitte, 10179 Berlin, Germany",https://www.booking.com/hotel/de/apartment-jannowitzbruecke.en-gb.html?label=gen173nr-1FCAEoggI46AdIM1gEaIkCiAEBmAEJuAEHyAEM2AEB6AEB-AELiAIBqAIDuALzqoSvBsACAdICJDdkYTdmNzI2LWFmMDAtNDI1ZS1iYzEzLWQ4NjcyYWE5Nzg5MdgCBuACAQ&sid=c45c21f5902c4e10ad5d351fa329f20a&aid=304142&ucfs=1&arphpl=1&checkin=2024-08-03&checkout=2024-08-05&dest_id=2285&dest_type=district&group_adults=2&req_adults=2&no_rooms=1&group_children=0&req_children=0&hpos=15&hapos=190&sr_order=popularity&srpvid=eb8c0d82dc480070&srepoch=1710294919&all_sr_blocks=57072801_141509795_4_0_0&highlighted_blocks=57072801_141509795_4_0_0&matching_block_id=57072801_141509795_4_0_0&sr_pri_blocks=57072801_141509795_4_0_0__43400&from=searchresults#hotelTmpl,52.5123197,13.4167537
Hotel Gat Point Charlie,235,8.1,Very Good,6797,"Mauerstr. 81-82, Mitte, 10117 Berlin, Germany",https://www.booking.com/hotel/de/gat-point-charlie.en-gb.html?label=gen173nr-1FCAEoggI46AdIM1gEaIkCiAEBmAEJuAEHyAEM2AEB6AEB-AELiAIBqAIDuALzqoSvBsACAdICJDdkYTdmNzI2LWFmMDAtNDI1ZS1iYzEzLWQ4NjcyYWE5Nzg5MdgCBuACAQ&sid=c45c21f5902c4e10ad5d351fa329f20a&aid=304142&ucfs=1&arphpl=1&checkin=2024-08-03&checkout=2024-08-05&dest_id=2285&dest_type=district&group_adults=2&req_adults=2&no_rooms=1&group_children=0&req_children=0&hpos=14&hapos=14&sr_order=popularity&srpvid=9c5c0d82fe950434&srepoch=1710294919&all_sr_blocks=19150402_384074794_0_2_0&highlighted_blocks=19150402_384074794_0_2_0&matching_block_id=19150402_384074794_0_2_0&sr_pri_blocks=19150402_384074794_0_2_0__21500&from_sustainable_property_sr=1&from=searchresults#hotelTmpl,52.5089507,13.388359
Pension Peters – Das andere Hotel,212,7.8,Good,1292,"Kantstraße 146, Charlottenburg-Wilmersdorf, 10623 Berlin, Germany",https://www.booking.com/hotel/de/pension-peters-a-das-andere.en-gb.html?label=gen173nr-1FCAEoggI46AdIM1gEaIkCiAEBmAEJuAEHyAEM2AEB6AEB-AELiAIBqAIDuALzqoSvBsACAdICJDdkYTdmNzI2LWFmMDAtNDI1ZS1iYzEzLWQ4NjcyYWE5Nzg5MdgCBuACAQ&sid=c45c21f5902c4e10ad5d351fa329f20a&aid=304142&ucfs=1&arphpl=1&checkin=2024-08-03&checkout=2024-08-05&dest_id=2285&dest_type=district&group_adults=2&req_adults=2&no_rooms=1&group_children=0&req_children=0&hpos=25&hapos=75&sr_order=popularity&srpvid=79e70d82efb80160&srepoch=1710294919&all_sr_blocks=39464002_384638869_2_2_0&highlighted_blocks=39464002_384638869_2_2_0&matching_block_id=39464002_384638869_2_2_0&sr_pri_blocks=39464002_384638869_2_2_0__19440&from=searchresults#hotelTmpl,52.5055415,13.323535
Bob W Mitte,288,8.5,Very Good,908,"Köpenicker Str. 92, Mitte, 10179 Berlin, Germany",https://www.booking.com/hotel/de/the-dude.en-gb.html?label=gen173nr-1FCAEoggI46AdIM1gEaIkCiAEBmAEJuAEHyAEM2AEB6AEB-AELiAIBqAIDuALzqoSvBsACAdICJDdkYTdmNzI2LWFmMDAtNDI1ZS1iYzEzLWQ4NjcyYWE5Nzg5MdgCBuACAQ&sid=c45c21f5902c4e10ad5d351fa329f20a&aid=304142&ucfs=1&arphpl=1&checkin=2024-08-03&checkout=2024-08-05&dest_id=2285&dest_type=district&group_adults=2&req_adults=2&no_rooms=1&group_children=0&req_children=0&hpos=24&hapos=99&sr_order=popularity&srpvid=76670d82307f007a&srepoch=1710294919&all_sr_blocks=37293320_373073830_0_0_0&highlighted_blocks=37293320_373073830_0_0_0&matching_block_id=37293320_373073830_0_0_0&sr_pri_blocks=37293320_373073830_0_0_0__26395&from_sustainable_property_sr=1&from=searchresults#hotelTmpl,52.5117349,13.4136999
"InterContinental Berlin, an IHG Hotel",357,8.8,Fabulous,3006,"Budapester Str. 2, Mitte, 10787 Berlin, Germany",https://www.booking.com/hotel/de/interconti-berlin.en-gb.html?label=gen173nr-1FCAEoggI46AdIM1gEaIkCiAEBmAEJuAEHyAEM2AEB6AEB-AELiAIBqAIDuALzqoSvBsACAdICJDdkYTdmNzI2LWFmMDAtNDI1ZS1iYzEzLWQ4NjcyYWE5Nzg5MdgCBuACAQ&sid=c45c21f5902c4e10ad5d351fa329f20a&aid=304142&ucfs=1&arphpl=1&checkin=2024-08-03&checkout=2024-08-05&dest_id=2285&dest_type=district&group_adults=2&req_adults=2&no_rooms=1&group_children=0&req_children=0&hpos=5&hapos=80&sr_order=popularity&srpvid=76670d82307f007a&srepoch=1710294919&all_sr_blocks=6190130_376233955_2_34_0&highlighted_blocks=6190130_376233955_2_34_0&matching_block_id=6190130_376233955_2_34_0&sr_pri_blocks=6190130_376233955_2_34_0__32685&from_sustainable_property_sr=1&from=searchresults#hotelTmpl,52.5070279,13.345529
Hotel Aquino Berlin,306,8.5,Very Good,3007,"Hannoversche Straße 5b, Mitte, 10115 Berlin, Germany",https://www.booking.com/hotel/de/aquino-tagungszentrum.en-gb.html?label=gen173nr-1FCAEoggI46AdIM1gEaIkCiAEBmAEJuAEHyAEM2AEB6AEB-AELiAIBqAIDuALzqoSvBsACAdICJDdkYTdmNzI2LWFmMDAtNDI1ZS1iYzEzLWQ4NjcyYWE5Nzg5MdgCBuACAQ&sid=c45c21f5902c4e10ad5d351fa329f20a&aid=304142&ucfs=1&arphpl=1&checkin=2024-08-03&checkout=2024-08-05&dest_id=2285&dest_type=district&group_adults=2&req_adults=2&no_rooms=1&group_children=0&req_children=0&hpos=21&hapos=71&sr_order=popularity&srpvid=79e70d82efb80160&srepoch=1710294919&all_sr_blocks=4558603_322805157_2_2_0&highlighted_blocks=4558603_322805157_2_2_0&matching_block_id=4558603_322805157_2_2_0&sr_pri_blocks=4558603_322805157_2_2_0__28000&from_sustainable_property_sr=1&from=searchresults#hotelTmpl,52.5271026,13.3847688
Novotel Berlin Mitte,224,8.1,Very Good,6843,"Fischerinsel 12, Mitte, 10179 Berlin, Germany",https://www.booking.com/hotel/de/berlin-mitte.en-gb.html?label=gen173nr-1FCAEoggI46AdIM1gEaIkCiAEBmAEJuAEHyAEM2AEB6AEB-AELiAIBqAIDuALzqoSvBsACAdICJDdkYTdmNzI2LWFmMDAtNDI1ZS1iYzEzLWQ4NjcyYWE5Nzg5MdgCBuACAQ&sid=c45c21f5902c4e10ad5d351fa329f20a&aid=304142&ucfs=1&arphpl=1&checkin=2024-08-03&checkout=2024-08-05&dest_id=2285&dest_type=district&group_adults=2&req_adults=2&no_rooms=1&group_children=0&req_children=0&hpos=6&hapos=56&sr_order=popularity&srpvid=79e70d82efb80160&srepoch=1710294919&all_sr_blocks=6266026_338443833_2_2_0&highlighted_blocks=6266026_338443833_2_2_0&matching_block_id=6266026_338443833_2_2_0&sr_pri_blocks=6266026_338443833_2_2_0__20520&from_sustainable_property_sr=1&from=searchresults#hotelTmpl,52.5125178,13.4047708
Hotel Rossi,293,8.5,Very Good,2761,"Lehrter Strasse 66, Mitte, 10557 Berlin, Germany",https://www.booking.com/hotel/de/rossi.en-gb.html?label=gen173nr-1FCAEoggI46AdIM1gEaIkCiAEBmAEJuAEHyAEM2AEB6AEB-AELiAIBqAIDuALzqoSvBsACAdICJDdkYTdmNzI2LWFmMDAtNDI1ZS1iYzEzLWQ4NjcyYWE5Nzg5MdgCBuACAQ&sid=c45c21f5902c4e10ad5d351fa329f20a&aid=304142&ucfs=1&arphpl=1&checkin=2024-08-03&checkout=2024-08-05&dest_id=2285&dest_type=district&group_adults=2&req_adults=2&no_rooms=1&group_children=0&req_children=0&hpos=23&hapos=98&sr_order=popularity&srpvid=76670d82307f007a&srepoch=1710294919&all_sr_blocks=234456604_360131773_0_1_0&highlighted_blocks=234456604_360131773_0_1_0&matching_block_id=234456604_360131773_0_1_0&sr_pri_blocks=234456604_360131773_0_1_0__26800&from=searchresults#hotelTmpl,52.52805739999999,13.3637918
Hampton by Hilton Berlin City West,290,8.3,Very Good,7838,"Uhlandstraße 188-189, Charlottenburg-Wilmersdorf, 10623 Berlin, Germany",https://www.booking.com/hotel/de/hampton-by-hilton-berlin-city-west.en-gb.html?label=gen173nr-1FCAEoggI46AdIM1gEaIkCiAEBmAEJuAEHyAEM2AEB6AEB-AELiAIBqAIDuALzqoSvBsACAdICJDdkYTdmNzI2LWFmMDAtNDI1ZS1iYzEzLWQ4NjcyYWE5Nzg5MdgCBuACAQ&sid=c45c21f5902c4e10ad5d351fa329f20a&aid=304142&ucfs=1&arphpl=1&checkin=2024-08-03&checkout=2024-08-05&dest_id=2285&dest_type=district&group_adults=2&req_adults=2&no_rooms=1&group_children=0&req_children=0&hpos=23&hapos=48&sr_order=popularity&srpvid=9c580d822ae600fa&srepoch=1710294919&all_sr_blocks=25530502_338821078_2_1_0&highlighted_blocks=25530502_338821078_2_1_0&matching_block_id=25530502_338821078_2_1_0&sr_pri_blocks=25530502_338821078_2_1_0__26503&from_sustainable_property_sr=1&from=searchresults#hotelTmpl,52.5049813,13.3258681
Dorint Kurfürstendamm Berlin,275,8.3,Very Good,3223,"Augsburger Str. 41, Charlottenburg-Wilmersdorf, 10789 Berlin, Germany",https://www.booking.com/hotel/de/sofitelhotelberlin-berlin.en-gb.html?label=gen173nr-1FCAEoggI46AdIM1gEaIkCiAEBmAEJuAEHyAEM2AEB6AEB-AELiAIBqAIDuALzqoSvBsACAdICJDdkYTdmNzI2LWFmMDAtNDI1ZS1iYzEzLWQ4NjcyYWE5Nzg5MdgCBuACAQ&sid=c45c21f5902c4e10ad5d351fa329f20a&aid=304142&ucfs=1&arphpl=1&checkin=2024-08-03&checkout=2024-08-05&dest_id=2285&dest_type=district&group_adults=2&req_adults=2&no_rooms=1&group_children=0&req_children=0&hpos=18&hapos=93&sr_order=popularity&srpvid=76670d82307f007a&srepoch=1710294919&all_sr_blocks=9809560_295823878_2_2_0&highlighted_blocks=9809560_295823878_2_2_0&matching_block_id=9809560_295823878_2_2_0&sr_pri_blocks=9809560_295823878_2_2_0__25186&from_sustainable_property_sr=1&from=searchresults#hotelTmpl,52.5026215,13.3319159
St Christopher's Inn Berlin Alexanderplatz,389,7.8,Good,3789,"Rosa-Luxemburg-Str. 39-41, Mitte, 10178 Berlin, Germany",https://www.booking.com/hotel/de/st-christophers-s-hostel-berlin.en-gb.html?label=gen173nr-1FCAEoggI46AdIM1gEaIkCiAEBmAEJuAEHyAEM2AEB6AEB-AELiAIBqAIDuALzqoSvBsACAdICJDdkYTdmNzI2LWFmMDAtNDI1ZS1iYzEzLWQ4NjcyYWE5Nzg5MdgCBuACAQ&sid=c45c21f5902c4e10ad5d351fa329f20a&aid=304142&ucfs=1&arphpl=1&checkin=2024-08-03&checkout=2024-08-05&dest_id=2285&dest_type=district&group_adults=2&req_adults=2&no_rooms=1&group_children=0&req_children=0&hpos=18&hapos=193&sr_order=popularity&srpvid=eb8c0d82dc480070&srepoch=1710294919&all_sr_blocks=47663425_222488143_2_2_0&highlighted_blocks=47663425_222488143_2_2_0&matching_block_id=47663425_222488143_2_2_0&sr_pri_blocks=47663425_222488143_2_2_0__32068&from_sustainable_property_sr=1&from=searchresults#hotelTmpl,52.5266861,13.4106178
H4 Hotel Berlin Alexanderplatz,284,8.3,Very Good,10210,"Karl-Liebknecht-Strasse 32, Mitte, 10178 Berlin, Germany",https://www.booking.com/hotel/de/h4-hotel-berlin-alexanderplatz.en-gb.html?label=gen173nr-1FCAEoggI46AdIM1gEaIkCiAEBmAEJuAEHyAEM2AEB6AEB-AELiAIBqAIDuALzqoSvBsACAdICJDdkYTdmNzI2LWFmMDAtNDI1ZS1iYzEzLWQ4NjcyYWE5Nzg5MdgCBuACAQ&sid=c45c21f5902c4e10ad5d351fa329f20a&aid=304142&ucfs=1&arphpl=1&checkin=2024-08-03&checkout=2024-08-05&dest_id=2285&dest_type=district&group_adults=2&req_adults=2&no_rooms=1&group_children=0&req_children=0&hpos=3&hapos=53&sr_order=popularity&srpvid=79e70d82efb80160&srepoch=1710294919&all_sr_blocks=26684203_381358357_0_2_0&highlighted_blocks=26684203_381358357_0_2_0&matching_block_id=26684203_381358357_0_2_0&sr_pri_blocks=26684203_381358357_0_2_0__25983&from_sustainable_property_sr=1&from=searchresults#hotelTmpl,52.5250741,13.4139281
Premier Inn Berlin City Centre,211,N/A,N/A,N/A,"78 Kurfürstenstraße, Mitte, 10787 Berlin, Germany",https://www.booking.com/hotel/de/premier-inn-berlin-city-centre.en-gb.html?label=gen173nr-1FCAEoggI46AdIM1gEaIkCiAEBmAEJuAEHyAEM2AEB6AEB-AELiAIBqAIDuALzqoSvBsACAdICJDdkYTdmNzI2LWFmMDAtNDI1ZS1iYzEzLWQ4NjcyYWE5Nzg5MdgCBuACAQ&sid=c45c21f5902c4e10ad5d351fa329f20a&aid=304142&ucfs=1&arphpl=1&checkin=2024-08-03&checkout=2024-08-05&dest_id=2285&dest_type=district&group_adults=2&req_adults=2&no_rooms=1&group_children=0&req_children=0&hpos=10&hapos=60&sr_order=popularity&srpvid=79e70d82efb80160&srepoch=1710294919&all_sr_blocks=1020151801_374418318_2_2_0&highlighted_blocks=1020151801_374418318_2_2_0&matching_block_id=1020151801_374418318_2_2_0&sr_pri_blocks=1020151801_374418318_2_2_0__19320&from=searchresults#hotelTmpl,52.5040668,13.3471374
Hotel Kastanienhof,428,8.3,Very Good,560,"Kastanienallee 65, Mitte, 10119 Berlin, Germany",https://www.booking.com/hotel/de/hotpenskastanienhof.en-gb.html?label=gen173nr-1FCAEoggI46AdIM1gEaIkCiAEBmAEJuAEHyAEM2AEB6AEB-AELiAIBqAIDuALzqoSvBsACAdICJDdkYTdmNzI2LWFmMDAtNDI1ZS1iYzEzLWQ4NjcyYWE5Nzg5MdgCBuACAQ&sid=c45c21f5902c4e10ad5d351fa329f20a&aid=304142&ucfs=1&arphpl=1&checkin=2024-08-03&checkout=2024-08-05&dest_id=2285&dest_type=district&group_adults=2&req_adults=2&no_rooms=1&group_children=0&req_children=0&hpos=12&hapos=162&sr_order=popularity&srpvid=f3830d8280430220&srepoch=1710294919&all_sr_blocks=6095011_338447319_0_34_0&highlighted_blocks=6095011_338447319_0_34_0&matching_block_id=6095011_338447319_0_34_0&sr_pri_blocks=6095011_338447319_0_34_0__39200&from_sustainable_property_sr=1&from=searchresults#hotelTmpl,52.5347359,13.4061427
B&B HOTEL Berlin-Mitte,214,7.9,Good,707,"Albrechtstr. 25/Ecke Reinhardtstr., Mitte, 10117 Berlin, Germany",https://www.booking.com/hotel/de/best-western-berlin-mitte.en-gb.html?label=gen173nr-1FCAEoggI46AdIM1gEaIkCiAEBmAEJuAEHyAEM2AEB6AEB-AELiAIBqAIDuALzqoSvBsACAdICJDdkYTdmNzI2LWFmMDAtNDI1ZS1iYzEzLWQ4NjcyYWE5Nzg5MdgCBuACAQ&sid=c45c21f5902c4e10ad5d351fa329f20a&aid=304142&ucfs=1&arphpl=1&checkin=2024-08-03&checkout=2024-08-05&dest_id=2285&dest_type=district&group_adults=2&req_adults=2&no_rooms=1&group_children=0&req_children=0&hpos=25&hapos=25&sr_order=popularity&srpvid=9c5c0d82fe950434&srepoch=1710294919&all_sr_blocks=6693713_91460933_2_2_0&highlighted_blocks=6693713_91460933_2_2_0&matching_block_id=6693713_91460933_2_2_0&sr_pri_blocks=6693713_91460933_2_2_0__19600&from_sustainable_property_sr=1&from=searchresults#hotelTmpl,52.5237707,13.3838962
B&B HOTEL Berlin-Alexanderplatz,195,7.8,Good,2936,"Voltairestraße 3, Mitte, 10179 Berlin, Germany",https://www.booking.com/hotel/de/b-amp-b-berlin-alexanderplatz.en-gb.html?label=gen173nr-1FCAEoggI46AdIM1gEaIkCiAEBmAEJuAEHyAEM2AEB6AEB-AELiAIBqAIDuALzqoSvBsACAdICJDdkYTdmNzI2LWFmMDAtNDI1ZS1iYzEzLWQ4NjcyYWE5Nzg5MdgCBuACAQ&sid=c45c21f5902c4e10ad5d351fa329f20a&aid=304142&ucfs=1&arphpl=1&checkin=2024-08-03&checkout=2024-08-05&dest_id=2285&dest_type=district&group_adults=2&req_adults=2&no_rooms=1&group_children=0&req_children=0&hpos=8&hapos=58&sr_order=popularity&srpvid=79e70d82efb80160&srepoch=1710294919&all_sr_blocks=282721503_347280721_2_2_0&highlighted_blocks=282721503_347280721_2_2_0&matching_block_id=282721503_347280721_2_2_0&sr_pri_blocks=282721503_347280721_2_2_0__17800&from_sustainable_property_sr=1&from=searchresults#hotelTmpl,52.5172581,13.414835
Catalonia Berlin Mitte,229,8.4,Very Good,4456,"Köpenicker Strasse, 80-82, Mitte, 10179 Berlin, Germany",https://www.booking.com/hotel/de/catalonia-berlin-mitte.en-gb.html?label=gen173nr-1FCAEoggI46AdIM1gEaIkCiAEBmAEJuAEHyAEM2AEB6AEB-AELiAIBqAIDuALzqoSvBsACAdICJDdkYTdmNzI2LWFmMDAtNDI1ZS1iYzEzLWQ4NjcyYWE5Nzg5MdgCBuACAQ&sid=c45c21f5902c4e10ad5d351fa329f20a&aid=304142&ucfs=1&arphpl=1&checkin=2024-08-03&checkout=2024-08-05&dest_id=2285&dest_type=district&group_adults=2&req_adults=2&no_rooms=1&group_children=0&req_children=0&hpos=10&hapos=10&sr_order=popularity&srpvid=9c5c0d82fe950434&srepoch=1710294919&all_sr_blocks=87745601_194581511_0_2_0&highlighted_blocks=87745601_194581511_0_2_0&matching_block_id=87745601_194581511_0_2_0&sr_pri_blocks=87745601_194581511_0_2_0__20998&from_sustainable_property_sr=1&from=searchresults#hotelTmpl,52.511312,13.4156924
acom-Hotel Berlin Kurfürstendamm,234,7.0,Good,6222,"Joachimsthaler Straße 39/40, Charlottenburg-Wilmersdorf, 10623 Berlin, Germany",https://www.booking.com/hotel/de/acom-berlin-kurfuerstendamm.en-gb.html?label=gen173nr-1FCAEoggI46AdIM1gEaIkCiAEBmAEJuAEHyAEM2AEB6AEB-AELiAIBqAIDuALzqoSvBsACAdICJDdkYTdmNzI2LWFmMDAtNDI1ZS1iYzEzLWQ4NjcyYWE5Nzg5MdgCBuACAQ&sid=c45c21f5902c4e10ad5d351fa329f20a&aid=304142&ucfs=1&arphpl=1&checkin=2024-08-03&checkout=2024-08-05&dest_id=2285&dest_type=district&group_adults=2&req_adults=2&no_rooms=1&group_children=0&req_children=0&hpos=20&hapos=170&sr_order=popularity&srpvid=f3830d8280430220&srepoch=1710294919&all_sr_blocks=6019402_91459454_0_2_0&highlighted_blocks=6019402_91459454_0_2_0&matching_block_id=6019402_91459454_0_2_0&sr_pri_blocks=6019402_91459454_0_2_0__21436&from_sustainable_property_sr=1&from=searchresults#hotelTmpl,52.5046751,13.331784
H10 Ku'damm Lofts,475,8.6,Fabulous,454,"31 Joachimsthaler Straße, Charlottenburg-Wilmersdorf, 10719 Berlin, Germany",https://www.booking.com/hotel/de/h10-ku-39-damm-lofts.en-gb.html?label=gen173nr-1FCAEoggI46AdIM1gEaIkCiAEBmAEJuAEHyAEM2AEB6AEB-AELiAIBqAIDuALzqoSvBsACAdICJDdkYTdmNzI2LWFmMDAtNDI1ZS1iYzEzLWQ4NjcyYWE5Nzg5MdgCBuACAQ&sid=c45c21f5902c4e10ad5d351fa329f20a&aid=304142&ucfs=1&arphpl=1&checkin=2024-08-03&checkout=2024-08-05&dest_id=2285&dest_type=district&group_adults=2&req_adults=2&no_rooms=1&group_children=0&req_children=0&hpos=5&hapos=180&sr_order=popularity&srpvid=eb8c0d82dc480070&srepoch=1710294919&all_sr_blocks=718917501_305667297_2_2_0&highlighted_blocks=718917501_305667297_2_2_0&matching_block_id=718917501_305667297_2_2_0&sr_pri_blocks=718917501_305667297_2_2_0__43508&from_sustainable_property_sr=1&from=searchresults#hotelTmpl,52.5022676,13.3314683
The Charming by Curt Suites,438,9.5,Exceptional,4,"106 Littenstraße, Mitte, 10179 Berlin, Germany",https://www.booking.com/hotel/de/the-charming-by-curt.en-gb.html?label=gen173nr-1FCAEoggI46AdIM1gEaIkCiAEBmAEJuAEHyAEM2AEB6AEB-AELiAIBqAIDuALzqoSvBsACAdICJDdkYTdmNzI2LWFmMDAtNDI1ZS1iYzEzLWQ4NjcyYWE5Nzg5MdgCBuACAQ&sid=c45c21f5902c4e10ad5d351fa329f20a&aid=304142&ucfs=1&arphpl=1&checkin=2024-08-03&checkout=2024-08-05&dest_id=2285&dest_type=district&group_adults=2&req_adults=2&no_rooms=1&group_children=0&req_children=0&hpos=25&hapos=175&sr_order=popularity&srpvid=f3830d8280430220&srepoch=1710294919&all_sr_blocks=1111099003_389597421_2_0_0&highlighted_blocks=1111099003_389597421_2_0_0&matching_block_id=1111099003_389597421_2_0_0&sr_pri_blocks=1111099003_389597421_2_0_0__40042&from=searchresults#hotelTmpl,52.5160889,13.4145751
H2 Hotel Berlin-Alexanderplatz,305,8.2,Very Good,19410,"Karl-Liebknecht-Str. 32a, Mitte, 10178 Berlin, Germany",https://www.booking.com/hotel/de/h2-berlin-alexanderplatz.en-gb.html?label=gen173nr-1FCAEoggI46AdIM1gEaIkCiAEBmAEJuAEHyAEM2AEB6AEB-AELiAIBqAIDuALzqoSvBsACAdICJDdkYTdmNzI2LWFmMDAtNDI1ZS1iYzEzLWQ4NjcyYWE5Nzg5MdgCBuACAQ&sid=c45c21f5902c4e10ad5d351fa329f20a&aid=304142&ucfs=1&arphpl=1&checkin=2024-08-03&checkout=2024-08-05&dest_id=2285&dest_type=district&group_adults=2&req_adults=2&no_rooms=1&group_children=0&req_children=0&hpos=7&hapos=82&sr_order=popularity&srpvid=76670d82307f007a&srepoch=1710294919&all_sr_blocks=26689703_380549465_0_1_0&highlighted_blocks=26689703_380549465_0_1_0&matching_block_id=26689703_380549465_0_1_0&sr_pri_blocks=26689703_380549465_0_1_0__27900&from_sustainable_property_sr=1&from=searchresults#hotelTmpl,52.5252259,13.4146426
Motel One Berlin Mitte,238,8.4,Very Good,2169,"Prinzenstr. 40-42, Friedrichshain-Kreuzberg, 10969 Berlin, Germany",https://www.booking.com/hotel/de/berlin_motelone.en-gb.html?label=gen173nr-1FCAEoggI46AdIM1gEaIkCiAEBmAEJuAEHyAEM2AEB6AEB-AELiAIBqAIDuALzqoSvBsACAdICJDdkYTdmNzI2LWFmMDAtNDI1ZS1iYzEzLWQ4NjcyYWE5Nzg5MdgCBuACAQ&sid=c45c21f5902c4e10ad5d351fa329f20a&aid=304142&ucfs=1&arphpl=1&checkin=2024-08-03&checkout=2024-08-05&dest_id=2285&dest_type=district&group_adults=2&req_adults=2&no_rooms=1&group_children=0&req_children=0&hpos=11&hapos=86&sr_order=popularity&srpvid=76670d82307f007a&srepoch=1710294919&all_sr_blocks=6099008_387798759_2_2_0&highlighted_blocks=6099008_387798759_2_2_0&matching_block_id=6099008_387798759_2_2_0&sr_pri_blocks=6099008_387798759_2_2_0__21800&from_sustainable_property_sr=1&from=searchresults#hotelTmpl,52.5042511,13.4115132
ARCOTEL John F Berlin,282,8.2,Very Good,5218,"Werderscher Markt 11, Mitte, 10117 Berlin, Germany",https://www.booking.com/hotel/de/john-f.en-gb.html?label=gen173nr-1FCAEoggI46AdIM1gEaIkCiAEBmAEJuAEHyAEM2AEB6AEB-AELiAIBqAIDuALzqoSvBsACAdICJDdkYTdmNzI2LWFmMDAtNDI1ZS1iYzEzLWQ4NjcyYWE5Nzg5MdgCBuACAQ&sid=c45c21f5902c4e10ad5d351fa329f20a&aid=304142&ucfs=1&arphpl=1&checkin=2024-08-03&checkout=2024-08-05&dest_id=2285&dest_type=district&group_adults=2&req_adults=2&no_rooms=1&group_children=0&req_children=0&hpos=20&hapos=70&sr_order=popularity&srpvid=79e70d82efb80160&srepoch=1710294919&all_sr_blocks=2794802_97056222_0_2_0&highlighted_blocks=2794802_97056222_0_2_0&matching_block_id=2794802_97056222_0_2_0&sr_pri_blocks=2794802_97056222_0_2_0__25809&from_sustainable_property_sr=1&from=searchresults#hotelTmpl,52.5148867,13.3979321
Motel One Berlin Ku'Damm,238,8.3,Very Good,3246,"Kantstr. 7-11a, Charlottenburg-Wilmersdorf, 10623 Berlin, Germany",https://www.booking.com/hotel/de/motel-one-berlin-ku-damm.en-gb.html?label=gen173nr-1FCAEoggI46AdIM1gEaIkCiAEBmAEJuAEHyAEM2AEB6AEB-AELiAIBqAIDuALzqoSvBsACAdICJDdkYTdmNzI2LWFmMDAtNDI1ZS1iYzEzLWQ4NjcyYWE5Nzg5MdgCBuACAQ&sid=c45c21f5902c4e10ad5d351fa329f20a&aid=304142&ucfs=1&arphpl=1&checkin=2024-08-03&checkout=2024-08-05&dest_id=2285&dest_type=district&group_adults=2&req_adults=2&no_rooms=1&group_children=0&req_children=0&hpos=4&hapos=54&sr_order=popularity&srpvid=79e70d82efb80160&srepoch=1710294919&all_sr_blocks=6714915_136663190_2_2_0&highlighted_blocks=6714915_136663190_2_2_0&matching_block_id=6714915_136663190_2_2_0&sr_pri_blocks=6714915_136663190_2_2_0__21800&from_sustainable_property_sr=1&from=searchresults#hotelTmpl,52.50561,13.33036
Park Plaza Berlin,205,7.9,Good,5922,"Lietzenburger Str. 85, Charlottenburg-Wilmersdorf, 10719 Berlin, Germany",https://www.booking.com/hotel/de/art-otel-berlin-kudamm.en-gb.html?label=gen173nr-1FCAEoggI46AdIM1gEaIkCiAEBmAEJuAEHyAEM2AEB6AEB-AELiAIBqAIDuALzqoSvBsACAdICJDdkYTdmNzI2LWFmMDAtNDI1ZS1iYzEzLWQ4NjcyYWE5Nzg5MdgCBuACAQ&sid=c45c21f5902c4e10ad5d351fa329f20a&aid=304142&ucfs=1&arphpl=1&checkin=2024-08-03&checkout=2024-08-05&dest_id=2285&dest_type=district&group_adults=2&req_adults=2&no_rooms=1&group_children=0&req_children=0&hpos=7&hapos=57&sr_order=popularity&srpvid=79e70d82efb80160&srepoch=1710294919&all_sr_blocks=6036602_338447175_0_2_0&highlighted_blocks=6036602_338447175_0_2_0&matching_block_id=6036602_338447175_0_2_0&sr_pri_blocks=6036602_338447175_0_2_0__18720&from_sustainable_property_sr=1&from=searchresults#hotelTmpl,52.49969660000001,13.3224475
BNB near Brandenburg Gate - Rooms & Apartments,165,6.4,Pleasant,1168,"Wilhelmstr. 48, Mitte, 10117  Berlin, Germany",https://www.booking.com/hotel/de/hostel-near-the-brandenburg-gate.en-gb.html?label=gen173nr-1FCAEoggI46AdIM1gEaIkCiAEBmAEJuAEHyAEM2AEB6AEB-AELiAIBqAIDuALzqoSvBsACAdICJDdkYTdmNzI2LWFmMDAtNDI1ZS1iYzEzLWQ4NjcyYWE5Nzg5MdgCBuACAQ&sid=c45c21f5902c4e10ad5d351fa329f20a&aid=304142&ucfs=1&arphpl=1&checkin=2024-08-03&checkout=2024-08-05&dest_id=2285&dest_type=district&group_adults=2&req_adults=2&no_rooms=1&group_children=0&req_children=0&hpos=17&hapos=167&sr_order=popularity&srpvid=f3830d8280430220&srepoch=1710294919&all_sr_blocks=40503201_265775728_0_0_0&highlighted_blocks=40503201_265775728_0_0_0&matching_block_id=40503201_265775728_0_0_0&sr_pri_blocks=40503201_265775728_0_0_0__15120&from=searchresults#hotelTmpl,52.5122053,13.3835818
BlnCty Hotel,295,7.6,Good,2506,"Gertrud-Kolmar-Straße 5, Mitte, 10117 Berlin, Germany",https://www.booking.com/hotel/de/intermezzofrauen.en-gb.html?label=gen173nr-1FCAEoggI46AdIM1gEaIkCiAEBmAEJuAEHyAEM2AEB6AEB-AELiAIBqAIDuALzqoSvBsACAdICJDdkYTdmNzI2LWFmMDAtNDI1ZS1iYzEzLWQ4NjcyYWE5Nzg5MdgCBuACAQ&sid=c45c21f5902c4e10ad5d351fa329f20a&aid=304142&ucfs=1&arphpl=1&checkin=2024-08-03&checkout=2024-08-05&dest_id=2285&dest_type=district&group_adults=2&req_adults=2&no_rooms=1&group_children=0&req_children=0&hpos=18&hapos=168&sr_order=popularity&srpvid=f3830d8280430220&srepoch=1710294919&all_sr_blocks=6184615_103852680_2_0_0&highlighted_blocks=6184615_103852680_2_0_0&matching_block_id=6184615_103852680_2_0_0&sr_pri_blocks=6184615_103852680_2_0_0__27000&from=searchresults#hotelTmpl,52.5119777,13.380598
Clipper Boardinghouse - Berlin-Gendarmenmarkt,298,8.8,Fabulous,1581,"Behrenstr. 47, Mitte, 10117 Berlin, Germany",https://www.booking.com/hotel/de/clipper-city-home.en-gb.html?label=gen173nr-1FCAEoggI46AdIM1gEaIkCiAEBmAEJuAEHyAEM2AEB6AEB-AELiAIBqAIDuALzqoSvBsACAdICJDdkYTdmNzI2LWFmMDAtNDI1ZS1iYzEzLWQ4NjcyYWE5Nzg5MdgCBuACAQ&sid=c45c21f5902c4e10ad5d351fa329f20a&aid=304142&ucfs=1&arphpl=1&checkin=2024-08-03&checkout=2024-08-05&dest_id=2285&dest_type=district&group_adults=2&req_adults=2&no_rooms=1&group_children=0&req_children=0&hpos=14&hapos=64&sr_order=popularity&srpvid=79e70d82efb80160&srepoch=1710294919&all_sr_blocks=7588812_0_2_0_0&highlighted_blocks=7588812_0_2_0_0&matching_block_id=7588812_0_2_0_0&sr_pri_blocks=7588812_0_2_0_0__27248&from=searchresults#hotelTmpl,52.5159035,13.3902089
Hotel ZOE by AMANO,250,8.2,Very Good,4372,"Große Präsidentenstraße 6-7, Mitte, 10178 Berlin, Germany",https://www.booking.com/hotel/de/zoe-by-amano-group.en-gb.html?label=gen173nr-1FCAEoggI46AdIM1gEaIkCiAEBmAEJuAEHyAEM2AEB6AEB-AELiAIBqAIDuALzqoSvBsACAdICJDdkYTdmNzI2LWFmMDAtNDI1ZS1iYzEzLWQ4NjcyYWE5Nzg5MdgCBuACAQ&sid=c45c21f5902c4e10ad5d351fa329f20a&aid=304142&ucfs=1&arphpl=1&checkin=2024-08-03&checkout=2024-08-05&dest_id=2285&dest_type=district&group_adults=2&req_adults=2&no_rooms=1&group_children=0&req_children=0&hpos=17&hapos=17&sr_order=popularity&srpvid=9c5c0d82fe950434&srepoch=1710294919&all_sr_blocks=161417601_88990130_0_2_0&highlighted_blocks=161417601_88990130_0_2_0&matching_block_id=161417601_88990130_0_2_0&sr_pri_blocks=161417601_88990130_0_2_0__22892&from_sustainable_property_sr=1&from=searchresults#hotelTmpl,52.5230979,13.4008656
The Circus Hostel,232,8.8,Fabulous,2207,"Weinbergsweg 1a, Mitte, 10119 Berlin, Germany",https://www.booking.com/hotel/de/the-circus-hostel.en-gb.html?label=gen173nr-1FCAEoggI46AdIM1gEaIkCiAEBmAEJuAEHyAEM2AEB6AEB-AELiAIBqAIDuALzqoSvBsACAdICJDdkYTdmNzI2LWFmMDAtNDI1ZS1iYzEzLWQ4NjcyYWE5Nzg5MdgCBuACAQ&sid=c45c21f5902c4e10ad5d351fa329f20a&aid=304142&ucfs=1&arphpl=1&checkin=2024-08-03&checkout=2024-08-05&dest_id=2285&dest_type=district&group_adults=2&req_adults=2&no_rooms=1&group_children=0&req_children=0&hpos=7&hapos=157&sr_order=popularity&srpvid=f3830d8280430220&srepoch=1710294919&all_sr_blocks=41536502_93845602_2_2_0&highlighted_blocks=41536502_93845602_2_2_0&matching_block_id=41536502_93845602_2_2_0&sr_pri_blocks=41536502_93845602_2_2_0__21223&from_sustainable_property_sr=1&from=searchresults#hotelTmpl,52.5301333,13.401922
Hotel Adlon Kempinski Berlin,817,9.2,Superb,3900,"Unter den Linden 77, Mitte, 10117 Berlin, Germany",https://www.booking.com/hotel/de/adlon-kempinski-berlin.en-gb.html?label=gen173nr-1FCAEoggI46AdIM1gEaIkCiAEBmAEJuAEHyAEM2AEB6AEB-AELiAIBqAIDuALzqoSvBsACAdICJDdkYTdmNzI2LWFmMDAtNDI1ZS1iYzEzLWQ4NjcyYWE5Nzg5MdgCBuACAQ&sid=c45c21f5902c4e10ad5d351fa329f20a&aid=304142&ucfs=1&arphpl=1&checkin=2024-08-03&checkout=2024-08-05&dest_id=2285&dest_type=district&group_adults=2&req_adults=2&no_rooms=1&group_children=0&req_children=0&hpos=20&hapos=95&sr_order=popularity&srpvid=76670d82307f007a&srepoch=1710294919&all_sr_blocks=6266502_91460283_2_2_0&highlighted_blocks=6266502_91460283_2_2_0&matching_block_id=6266502_91460283_2_2_0&sr_pri_blocks=6266502_91460283_2_2_0__74800&from_sustainable_property_sr=1&from=searchresults#hotelTmpl,52.5156672,13.3800591
Courtyard by Marriott Berlin City Center,238,8.7,Fabulous,1308,"Axel-Springer-Str. 55, Mitte, 10117 Berlin, Germany",https://www.booking.com/hotel/de/courtyard-by-marriott-berlin-mitte.en-gb.html?label=gen173nr-1FCAEoggI46AdIM1gEaIkCiAEBmAEJuAEHyAEM2AEB6AEB-AELiAIBqAIDuALzqoSvBsACAdICJDdkYTdmNzI2LWFmMDAtNDI1ZS1iYzEzLWQ4NjcyYWE5Nzg5MdgCBuACAQ&sid=c45c21f5902c4e10ad5d351fa329f20a&aid=304142&ucfs=1&arphpl=1&checkin=2024-08-03&checkout=2024-08-05&dest_id=2285&dest_type=district&group_adults=2&req_adults=2&no_rooms=1&group_children=0&req_children=0&hpos=2&hapos=2&sr_order=popularity&srpvid=9c5c0d82fe950434&srepoch=1710294919&all_sr_blocks=7395407_369957873_2_2_0&highlighted_blocks=7395407_369957873_2_2_0&matching_block_id=7395407_369957873_2_2_0&sr_pri_blocks=7395407_369957873_2_2_0__21800&from_sustainable_property_sr=1&from=searchresults#hotelTmpl,52.5097343,13.3998466
NH Collection Berlin Mitte am Checkpoint Charlie,327,8.3,Very Good,8464,"Leipziger Str. 106 - 111, Mitte, 10117 Berlin, Germany",https://www.booking.com/hotel/de/nhberlinmitte.en-gb.html?label=gen173nr-1FCAEoggI46AdIM1gEaIkCiAEBmAEJuAEHyAEM2AEB6AEB-AELiAIBqAIDuALzqoSvBsACAdICJDdkYTdmNzI2LWFmMDAtNDI1ZS1iYzEzLWQ4NjcyYWE5Nzg5MdgCBuACAQ&sid=c45c21f5902c4e10ad5d351fa329f20a&aid=304142&ucfs=1&arphpl=1&checkin=2024-08-03&checkout=2024-08-05&dest_id=2285&dest_type=district&group_adults=2&req_adults=2&no_rooms=1&group_children=0&req_children=0&hpos=5&hapos=55&sr_order=popularity&srpvid=79e70d82efb80160&srepoch=1710294919&all_sr_blocks=6057010_113767171_0_2_0&highlighted_blocks=6057010_113767171_0_2_0&matching_block_id=6057010_113767171_0_2_0&sr_pri_blocks=6057010_113767171_0_2_0__29950&from_sustainable_property_sr=1&from=searchresults#hotelTmpl,52.51071,13.38852
Cozy flat near Ku'damm with free parking,508,8.1,Very Good,56,"36 Leibnizstraße, Charlottenburg-Wilmersdorf, 10625 Berlin, Germany",https://www.booking.com/hotel/de/cozy-flat-close-to-ku-damm-w-free-parking.en-gb.html?label=gen173nr-1FCAEoggI46AdIM1gEaIkCiAEBmAEJuAEHyAEM2AEB6AEB-AELiAIBqAIDuALzqoSvBsACAdICJDdkYTdmNzI2LWFmMDAtNDI1ZS1iYzEzLWQ4NjcyYWE5Nzg5MdgCBuACAQ&sid=c45c21f5902c4e10ad5d351fa329f20a&aid=304142&ucfs=1&arphpl=1&checkin=2024-08-03&checkout=2024-08-05&dest_id=2285&dest_type=district&group_adults=2&req_adults=2&no_rooms=1&group_children=0&req_children=0&hpos=11&hapos=186&sr_order=popularity&srpvid=eb8c0d82dc480070&srepoch=1710294919&all_sr_blocks=838537701_385523068_2_0_0&highlighted_blocks=838537701_385523068_2_0_0&matching_block_id=838537701_385523068_2_0_0&sr_pri_blocks=838537701_385523068_2_0_0__46460&from=searchresults#hotelTmpl,52.506,13.31416
Jasper's Boutique Hotel,306,8.1,Very Good,337,"27 Anklamer Straße, Mitte, 10115 Berlin, Germany",https://www.booking.com/hotel/de/we.en-gb.html?label=gen173nr-1FCAEoggI46AdIM1gEaIkCiAEBmAEJuAEHyAEM2AEB6AEB-AELiAIBqAIDuALzqoSvBsACAdICJDdkYTdmNzI2LWFmMDAtNDI1ZS1iYzEzLWQ4NjcyYWE5Nzg5MdgCBuACAQ&sid=c45c21f5902c4e10ad5d351fa329f20a&aid=304142&ucfs=1&arphpl=1&checkin=2024-08-03&checkout=2024-08-05&dest_id=2285&dest_type=district&group_adults=2&req_adults=2&no_rooms=1&group_children=0&req_children=0&hpos=3&hapos=153&sr_order=popularity&srpvid=f3830d8280430220&srepoch=1710294919&all_sr_blocks=306293103_340884249_2_0_0&highlighted_blocks=306293103_340884249_2_0_0&matching_block_id=306293103_340884249_2_0_0&sr_pri_blocks=306293103_340884249_2_0_0__28000&from_sustainable_property_sr=1&from=searchresults#hotelTmpl,52.5365409,13.4006921
Emma by Schulz Hotel Berlin Friedrichshain,393,8.7,Fabulous,247,"Stralauer Platz 36, Friedrichshain-Kreuzberg, 10243 Berlin, Germany",https://www.booking.com/hotel/de/schulz-plus.en-gb.html?label=gen173nr-1FCAEoggI46AdIM1gEaIkCiAEBmAEJuAEHyAEM2AEB6AEB-AELiAIBqAIDuALzqoSvBsACAdICJDdkYTdmNzI2LWFmMDAtNDI1ZS1iYzEzLWQ4NjcyYWE5Nzg5MdgCBuACAQ&sid=c45c21f5902c4e10ad5d351fa329f20a&aid=304142&ucfs=1&arphpl=1&checkin=2024-08-03&checkout=2024-08-05&dest_id=2285&dest_type=district&group_adults=2&req_adults=2&no_rooms=1&group_children=0&req_children=0&hpos=12&hapos=62&sr_order=popularity&srpvid=79e70d82efb80160&srepoch=1710294919&all_sr_blocks=690140301_384687864_2_0_0&highlighted_blocks=690140301_384687864_2_0_0&matching_block_id=690140301_384687864_2_0_0&sr_pri_blocks=690140301_384687864_2_0_0__32396&from_sustainable_property_sr=1&from=searchresults#hotelTmpl,52.5085164,13.4340902
Z-Suites K7,1593,8.7,Fabulous,3,"7 Krausnickstraße, Mitte, 10115 Berlin, Germany",https://www.booking.com/hotel/de/z-suites.en-gb.html?label=gen173nr-1FCAEoggI46AdIM1gEaIkCiAEBmAEJuAEHyAEM2AEB6AEB-AELiAIBqAIDuALzqoSvBsACAdICJDdkYTdmNzI2LWFmMDAtNDI1ZS1iYzEzLWQ4NjcyYWE5Nzg5MdgCBuACAQ&sid=c45c21f5902c4e10ad5d351fa329f20a&aid=304142&ucfs=1&arphpl=1&checkin=2024-08-03&checkout=2024-08-05&dest_id=2285&dest_type=district&group_adults=2&req_adults=2&no_rooms=1&group_children=0&req_children=0&hpos=25&hapos=200&sr_order=popularity&srpvid=eb8c0d82dc480070&srepoch=1710294919&all_sr_blocks=1002645705_388622688_2_0_0&highlighted_blocks=1002645705_388622688_2_0_0&matching_block_id=1002645705_388622688_2_0_0&sr_pri_blocks=1002645705_388622688_2_0_0__145800&from=searchresults#hotelTmpl,52.5250747,13.3973568
Monbijou Hotel,490,8.5,Very Good,2180,"Monbijouplatz 1, Mitte, 10178 Berlin, Germany",https://www.booking.com/hotel/de/monbijou.en-gb.html?label=gen173nr-1FCAEoggI46AdIM1gEaIkCiAEBmAEJuAEHyAEM2AEB6AEB-AELiAIBqAIDuALzqoSvBsACAdICJDdkYTdmNzI2LWFmMDAtNDI1ZS1iYzEzLWQ4NjcyYWE5Nzg5MdgCBuACAQ&sid=c45c21f5902c4e10ad5d351fa329f20a&aid=304142&ucfs=1&arphpl=1&checkin=2024-08-03&checkout=2024-08-05&dest_id=2285&dest_type=district&group_adults=2&req_adults=2&no_rooms=1&group_children=0&req_children=0&hpos=23&hapos=198&sr_order=popularity&srpvid=eb8c0d82dc480070&srepoch=1710294919&all_sr_blocks=0_0_2_0_0&highlighted_blocks=0_0_2_0_0&matching_block_id=0_0_2_0_0&sr_pri_blocks=0_0_2_0_0__44802&from_sustainable_property_sr=1&from=searchresults#hotelTmpl,52.522988,13.4000195
H10 Berlin Ku'damm,269,8.3,Very Good,5453,"Joachimsthaler Str. 31-32, Charlottenburg-Wilmersdorf, 10719 Berlin, Germany",https://www.booking.com/hotel/de/h10-berlin-ku-damm.en-gb.html?label=gen173nr-1FCAEoggI46AdIM1gEaIkCiAEBmAEJuAEHyAEM2AEB6AEB-AELiAIBqAIDuALzqoSvBsACAdICJDdkYTdmNzI2LWFmMDAtNDI1ZS1iYzEzLWQ4NjcyYWE5Nzg5MdgCBuACAQ&sid=c45c21f5902c4e10ad5d351fa329f20a&aid=304142&ucfs=1&arphpl=1&checkin=2024-08-03&checkout=2024-08-05&dest_id=2285&dest_type=district&group_adults=2&req_adults=2&no_rooms=1&group_children=0&req_children=0&hpos=22&hapos=72&sr_order=popularity&srpvid=79e70d82efb80160&srepoch=1710294919&all_sr_blocks=27856829_91470853_0_2_0&highlighted_blocks=27856829_91470853_0_2_0&matching_block_id=27856829_91470853_0_2_0&sr_pri_blocks=27856829_91470853_0_2_0__24608&from_sustainable_property_sr=1&from=searchresults#hotelTmpl,52.50210370000001,13.3314409
Berlin Marriott Hotel,490,8.6,Fabulous,2597,"Inge-Beisheim-Platz 1, Mitte, 10785 Berlin, Germany",https://www.booking.com/hotel/de/marriott-am-potsdamer-platz.en-gb.html?label=gen173nr-1FCAEoggI46AdIM1gEaIkCiAEBmAEJuAEHyAEM2AEB6AEB-AELiAIBqAIDuALzqoSvBsACAdICJDdkYTdmNzI2LWFmMDAtNDI1ZS1iYzEzLWQ4NjcyYWE5Nzg5MdgCBuACAQ&sid=c45c21f5902c4e10ad5d351fa329f20a&aid=304142&ucfs=1&arphpl=1&checkin=2024-08-03&checkout=2024-08-05&dest_id=2285&dest_type=district&group_adults=2&req_adults=2&no_rooms=1&group_children=0&req_children=0&hpos=23&hapos=73&sr_order=popularity&srpvid=79e70d82efb80160&srepoch=1710294919&all_sr_blocks=7395303_265772873_2_2_0&highlighted_blocks=7395303_265772873_2_2_0&matching_block_id=7395303_265772873_2_2_0&sr_pri_blocks=7395303_265772873_2_2_0__44800&from_sustainable_property_sr=1&from=searchresults#hotelTmpl,52.51087500000001,13.3762494
Hotel Elba am Kurfürstendamm - Design Chambers,385,8.4,Very Good,1111,"Bleibtreustr. 26, Charlottenburg-Wilmersdorf, 10707 Berlin, Germany",https://www.booking.com/hotel/de/hotelpensionelbakurf.en-gb.html?label=gen173nr-1FCAEoggI46AdIM1gEaIkCiAEBmAEJuAEHyAEM2AEB6AEB-AELiAIBqAIDuALzqoSvBsACAdICJDdkYTdmNzI2LWFmMDAtNDI1ZS1iYzEzLWQ4NjcyYWE5Nzg5MdgCBuACAQ&sid=c45c21f5902c4e10ad5d351fa329f20a&aid=304142&ucfs=1&arphpl=1&checkin=2024-08-03&checkout=2024-08-05&dest_id=2285&dest_type=district&group_adults=2&req_adults=2&no_rooms=1&group_children=0&req_children=0&hpos=22&hapos=197&sr_order=popularity&srpvid=eb8c0d82dc480070&srepoch=1710294919&all_sr_blocks=6077502_91903990_2_2_0&highlighted_blocks=6077502_91903990_2_2_0&matching_block_id=6077502_91903990_2_2_0&sr_pri_blocks=6077502_91903990_2_2_0__35200&from_sustainable_property_sr=1&from=searchresults#hotelTmpl,52.5003534,13.3190184
Hotel Palace Berlin,300,8.8,Fabulous,3542,"Budapester Str. 45, Charlottenburg-Wilmersdorf, 10787 Berlin, Germany",https://www.booking.com/hotel/de/hotelpalace.en-gb.html?label=gen173nr-1FCAEoggI46AdIM1gEaIkCiAEBmAEJuAEHyAEM2AEB6AEB-AELiAIBqAIDuALzqoSvBsACAdICJDdkYTdmNzI2LWFmMDAtNDI1ZS1iYzEzLWQ4NjcyYWE5Nzg5MdgCBuACAQ&sid=c45c21f5902c4e10ad5d351fa329f20a&aid=304142&ucfs=1&arphpl=1&checkin=2024-08-03&checkout=2024-08-05&dest_id=2285&dest_type=district&group_adults=2&req_adults=2&no_rooms=1&group_children=0&req_children=0&hpos=22&hapos=97&sr_order=popularity&srpvid=76670d82307f007a&srepoch=1710294919&all_sr_blocks=6041415_91903876_2_2_0&highlighted_blocks=6041415_91903876_2_2_0&matching_block_id=6041415_91903876_2_2_0&sr_pri_blocks=6041415_91903876_2_2_0__34965&from_sustainable_property_sr=1&from=searchresults#hotelTmpl,52.5048569,13.3380314
Best Western Plus Plaza Berlin Kurfürstendamm,217,7.8,Good,5218,"Kurfürstendamm 203, Charlottenburg-Wilmersdorf, 10719 Berlin, Germany",https://www.booking.com/hotel/de/amedia-berlin-kurfa1-4rstendamm.en-gb.html?label=gen173nr-1FCAEoggI46AdIM1gEaIkCiAEBmAEJuAEHyAEM2AEB6AEB-AELiAIBqAIDuALzqoSvBsACAdICJDdkYTdmNzI2LWFmMDAtNDI1ZS1iYzEzLWQ4NjcyYWE5Nzg5MdgCBuACAQ&sid=c45c21f5902c4e10ad5d351fa329f20a&aid=304142&ucfs=1&arphpl=1&checkin=2024-08-03&checkout=2024-08-05&dest_id=2285&dest_type=district&group_adults=2&req_adults=2&no_rooms=1&group_children=0&req_children=0&hpos=2&hapos=77&sr_order=popularity&srpvid=76670d82307f007a&srepoch=1710294919&all_sr_blocks=46478708_88936406_2_2_0&highlighted_blocks=46478708_88936406_2_2_0&matching_block_id=46478708_88936406_2_2_0&sr_pri_blocks=46478708_88936406_2_2_0__19900&from_sustainable_property_sr=1&from=searchresults#hotelTmpl,52.5018278,13.3229249
H+ Hotel Berlin Mitte,316,8.4,Very Good,8456,"Chausseestr. 118-120, Mitte, 10115 Berlin, Germany",https://www.booking.com/hotel/de/h-hotel-berlin-mitte.en-gb.html?label=gen173nr-1FCAEoggI46AdIM1gEaIkCiAEBmAEJuAEHyAEM2AEB6AEB-AELiAIBqAIDuALzqoSvBsACAdICJDdkYTdmNzI2LWFmMDAtNDI1ZS1iYzEzLWQ4NjcyYWE5Nzg5MdgCBuACAQ&sid=c45c21f5902c4e10ad5d351fa329f20a&aid=304142&ucfs=1&arphpl=1&checkin=2024-08-03&checkout=2024-08-05&dest_id=2285&dest_type=district&group_adults=2&req_adults=2&no_rooms=1&group_children=0&req_children=0&hpos=18&hapos=68&sr_order=popularity&srpvid=79e70d82efb80160&srepoch=1710294919&all_sr_blocks=6158102_380547097_0_1_0&highlighted_blocks=6158102_380547097_0_1_0&matching_block_id=6158102_380547097_0_1_0&sr_pri_blocks=6158102_380547097_0_1_0__28928&from_sustainable_property_sr=1&from=searchresults#hotelTmpl,52.5295898,13.3840763
Hotel M68,228,7.4,Good,1873,"Mauerstraße 68, Mitte, 10117 Berlin, Germany",https://www.booking.com/hotel/de/m68.en-gb.html?label=gen173nr-1FCAEoggI46AdIM1gEaIkCiAEBmAEJuAEHyAEM2AEB6AEB-AELiAIBqAIDuALzqoSvBsACAdICJDdkYTdmNzI2LWFmMDAtNDI1ZS1iYzEzLWQ4NjcyYWE5Nzg5MdgCBuACAQ&sid=c45c21f5902c4e10ad5d351fa329f20a&aid=304142&ucfs=1&arphpl=1&checkin=2024-08-03&checkout=2024-08-05&dest_id=2285&dest_type=district&group_adults=2&req_adults=2&no_rooms=1&group_children=0&req_children=0&hpos=8&hapos=158&sr_order=popularity&srpvid=f3830d8280430220&srepoch=1710294919&all_sr_blocks=7890801_96379789_0_2_0&highlighted_blocks=7890801_96379789_0_2_0&matching_block_id=7890801_96379789_0_2_0&sr_pri_blocks=7890801_96379789_0_2_0__20900&from=searchresults#hotelTmpl,52.5105142,13.3867081
SKY LOFT in the Heart of Berlin,931,8.8,Fabulous,17,"114 Torstraße, Mitte, 10119 Berlin, Germany",https://www.booking.com/hotel/de/sky-loft-in-the-heart-of-the-city.en-gb.html?label=gen173nr-1FCAEoggI46AdIM1gEaIkCiAEBmAEJuAEHyAEM2AEB6AEB-AELiAIBqAIDuALzqoSvBsACAdICJDdkYTdmNzI2LWFmMDAtNDI1ZS1iYzEzLWQ4NjcyYWE5Nzg5MdgCBuACAQ&sid=c45c21f5902c4e10ad5d351fa329f20a&aid=304142&ucfs=1&arphpl=1&checkin=2024-08-03&checkout=2024-08-05&dest_id=2285&dest_type=district&group_adults=2&req_adults=2&no_rooms=1&group_children=0&req_children=0&hpos=19&hapos=194&sr_order=popularity&srpvid=eb8c0d82dc480070&srepoch=1710294919&all_sr_blocks=993906201_379957489_6_0_0&highlighted_blocks=993906201_379957489_6_0_0&matching_block_id=993906201_379957489_6_0_0&sr_pri_blocks=993906201_379957489_6_0_0__85200&from=searchresults#hotelTmpl,52.5295403,13.4026178
St Christopher's Inn Berlin Mitte,450,8.1,Very Good,3685,"Ziegelstr. 28, Mitte, 10117 Berlin, Germany",https://www.booking.com/hotel/de/baxpax-downtown-hostel.en-gb.html?label=gen173nr-1FCAEoggI46AdIM1gEaIkCiAEBmAEJuAEHyAEM2AEB6AEB-AELiAIBqAIDuALzqoSvBsACAdICJDdkYTdmNzI2LWFmMDAtNDI1ZS1iYzEzLWQ4NjcyYWE5Nzg5MdgCBuACAQ&sid=c45c21f5902c4e10ad5d351fa329f20a&aid=304142&ucfs=1&arphpl=1&checkin=2024-08-03&checkout=2024-08-05&dest_id=2285&dest_type=district&group_adults=2&req_adults=2&no_rooms=1&group_children=0&req_children=0&hpos=21&hapos=196&sr_order=popularity&srpvid=eb8c0d82dc480070&srepoch=1710294919&all_sr_blocks=6604933_201635528_4_2_0&highlighted_blocks=6604933_201635528_4_2_0&matching_block_id=6604933_201635528_4_2_0&sr_pri_blocks=6604933_201635528_4_2_0__41159&from_sustainable_property_sr=1&from=searchresults#hotelTmpl,52.5239031,13.3909164
"Hotel Indigo Berlin – Ku’damm, an IHG Hotel",280,8.5,Very Good,1286,"Hardenbergstr. 15, Charlottenburg-Wilmersdorf, 10623 Berlin, Germany",https://www.booking.com/hotel/de/indigo.en-gb.html?label=gen173nr-1FCAEoggI46AdIM1gEaIkCiAEBmAEJuAEHyAEM2AEB6AEB-AELiAIBqAIDuALzqoSvBsACAdICJDdkYTdmNzI2LWFmMDAtNDI1ZS1iYzEzLWQ4NjcyYWE5Nzg5MdgCBuACAQ&sid=c45c21f5902c4e10ad5d351fa329f20a&aid=304142&ucfs=1&arphpl=1&checkin=2024-08-03&checkout=2024-08-05&dest_id=2285&dest_type=district&group_adults=2&req_adults=2&no_rooms=1&group_children=0&req_children=0&hpos=15&hapos=90&sr_order=popularity&srpvid=76670d82307f007a&srepoch=1710294919&all_sr_blocks=35080323_376233903_2_2_0&highlighted_blocks=35080323_376233903_2_2_0&matching_block_id=35080323_376233903_2_2_0&sr_pri_blocks=35080323_376233903_2_2_0__25630&from_sustainable_property_sr=1&from=searchresults#hotelTmpl,52.5078433,13.3278541
Hotel Novalis,184,7.3,Good,963,"Novalisstr. 5, Mitte, 10115 Berlin, Germany",https://www.booking.com/hotel/de/novalisberlin.en-gb.html?label=gen173nr-1FCAEoggI46AdIM1gEaIkCiAEBmAEJuAEHyAEM2AEB6AEB-AELiAIBqAIDuALzqoSvBsACAdICJDdkYTdmNzI2LWFmMDAtNDI1ZS1iYzEzLWQ4NjcyYWE5Nzg5MdgCBuACAQ&sid=c45c21f5902c4e10ad5d351fa329f20a&aid=304142&ucfs=1&arphpl=1&checkin=2024-08-03&checkout=2024-08-05&dest_id=2285&dest_type=district&group_adults=2&req_adults=2&no_rooms=1&group_children=0&req_children=0&hpos=12&hapos=87&sr_order=popularity&srpvid=76670d82307f007a&srepoch=1710294919&all_sr_blocks=6147302_362958022_0_2_0&highlighted_blocks=6147302_362958022_0_2_0&matching_block_id=6147302_362958022_0_2_0&sr_pri_blocks=6147302_362958022_0_2_0__16800&from=searchresults#hotelTmpl,52.5285766,13.3888278
Aparthotel Adagio Berlin Kurfürstendamm,249,8.3,Very Good,2274,"Lietzenburger Str. 89 a, Charlottenburg-Wilmersdorf, 10719 Berlin, Germany",https://www.booking.com/hotel/de/adagio-city-aparthotel-berlin-kurfurstendamm.en-gb.html?label=gen173nr-1FCAEoggI46AdIM1gEaIkCiAEBmAEJuAEHyAEM2AEB6AEB-AELiAIBqAIDuALzqoSvBsACAdICJDdkYTdmNzI2LWFmMDAtNDI1ZS1iYzEzLWQ4NjcyYWE5Nzg5MdgCBuACAQ&sid=c45c21f5902c4e10ad5d351fa329f20a&aid=304142&ucfs=1&arphpl=1&checkin=2024-08-03&checkout=2024-08-05&dest_id=2285&dest_type=district&group_adults=2&req_adults=2&no_rooms=1&group_children=0&req_children=0&hpos=17&hapos=92&sr_order=popularity&srpvid=76670d82307f007a&srepoch=1710294919&all_sr_blocks=4793001_95236721_2_2_0&highlighted_blocks=4793001_95236721_2_2_0&matching_block_id=4793001_95236721_2_2_0&sr_pri_blocks=4793001_95236721_2_2_0__22784&from_sustainable_property_sr=1&from=searchresults#hotelTmpl,52.4996778,13.3212683
Suite im Sony Center am Potsdamer Platz,914,8.8,Fabulous,169,"Bellevuestraße 1, Mitte, 10785 Berlin, Germany",https://www.booking.com/hotel/de/sonycenter-appartement-am-potsdamer-platz.en-gb.html?label=gen173nr-1FCAEoggI46AdIM1gEaIkCiAEBmAEJuAEHyAEM2AEB6AEB-AELiAIBqAIDuALzqoSvBsACAdICJDdkYTdmNzI2LWFmMDAtNDI1ZS1iYzEzLWQ4NjcyYWE5Nzg5MdgCBuACAQ&sid=c45c21f5902c4e10ad5d351fa329f20a&aid=304142&ucfs=1&arphpl=1&checkin=2024-08-03&checkout=2024-08-05&dest_id=2285&dest_type=district&group_adults=2&req_adults=2&no_rooms=1&group_children=0&req_children=0&hpos=17&hapos=192&sr_order=popularity&srpvid=eb8c0d82dc480070&srepoch=1710294919&all_sr_blocks=307179901_268039281_2_0_0&highlighted_blocks=307179901_268039281_2_0_0&matching_block_id=307179901_268039281_2_0_0&sr_pri_blocks=307179901_268039281_2_0_0__83600&from=searchresults#hotelTmpl,52.5101083,13.3745013
"The Hoxton, Charlottenburg",360,8.7,Fabulous,720,"18-19 Meinekestraße, Charlottenburg-Wilmersdorf, 10719 Berlin, Germany",https://www.booking.com/hotel/de/the-hoxton-charlottenburg.en-gb.html?label=gen173nr-1FCAEoggI46AdIM1gEaIkCiAEBmAEJuAEHyAEM2AEB6AEB-AELiAIBqAIDuALzqoSvBsACAdICJDdkYTdmNzI2LWFmMDAtNDI1ZS1iYzEzLWQ4NjcyYWE5Nzg5MdgCBuACAQ&sid=c45c21f5902c4e10ad5d351fa329f20a&aid=304142&ucfs=1&arphpl=1&checkin=2024-08-03&checkout=2024-08-05&dest_id=2285&dest_type=district&group_adults=2&req_adults=2&no_rooms=1&group_children=0&req_children=0&hpos=16&hapos=91&sr_order=popularity&srpvid=76670d82307f007a&srepoch=1710294919&all_sr_blocks=964819703_373419456_2_2_0&highlighted_blocks=964819703_373419456_2_2_0&matching_block_id=964819703_373419456_2_2_0&sr_pri_blocks=964819703_373419456_2_2_0__32940&from_sustainable_property_sr=1&from=searchresults#hotelTmpl,52.5008373,13.3290966
Grand Hyatt Berlin,511,8.8,Fabulous,2591,"Marlene-Dietrich-Platz 2, Mitte, 10785 Berlin, Germany",https://www.booking.com/hotel/de/grand-hyatt-berlin.en-gb.html?label=gen173nr-1FCAEoggI46AdIM1gEaIkCiAEBmAEJuAEHyAEM2AEB6AEB-AELiAIBqAIDuALzqoSvBsACAdICJDdkYTdmNzI2LWFmMDAtNDI1ZS1iYzEzLWQ4NjcyYWE5Nzg5MdgCBuACAQ&sid=c45c21f5902c4e10ad5d351fa329f20a&aid=304142&ucfs=1&arphpl=1&checkin=2024-08-03&checkout=2024-08-05&dest_id=2285&dest_type=district&group_adults=2&req_adults=2&no_rooms=1&group_children=0&req_children=0&hpos=21&hapos=96&sr_order=popularity&srpvid=76670d82307f007a&srepoch=1710294919&all_sr_blocks=6929042_343784450_2_2_0&highlighted_blocks=6929042_343784450_2_2_0&matching_block_id=6929042_343784450_2_2_0&sr_pri_blocks=6929042_343784450_2_2_0__46800&from_sustainable_property_sr=1&from=searchresults#hotelTmpl,52.5082832,13.3726697
